id,merge_text,label
21,睁开你的狗眼好好看看这链接http://t.cn/A6weBwfO，你主子干的破事还不够恶心？拿个破奖状就装圣人？奥巴马拿和平奖的时候美国不照样在中东扔炸弹？这货满嘴喷粪侮辱女性，被人质疑就发动脑残粉网暴，恶不恶心？这么明显的厌女癌晚期，连基本尊重都不会，你跪舔他的时候想过他骂的贱货里也包括你吗？要真是个女的还这么犯贱，我他妈真是无话可说！,微侵犯(MA)
216,田园女权？笑死！嘴上喊着平等，实际就想搞特权吧？那些极端分子根本不在乎真正的女权，整天就知道靠偏激言论刷存在感。装什么受害者啊？正常人心里都跟明镜似的，你们那套表演也就骗骗傻子。谁比谁高贵？别搞笑了！这种把戏玩多了真当别人看不出来？省省吧您嘞！,微侵犯(MA)
228,"女人就是业障深？放你娘的狗屁！你们这些满脑子封建余毒的废物，除了用""攀比虚荣""这种老掉牙的屁话抹黑女人还会什么？睁开你们的狗眼看看，现在多少职场女性把你们这些只会念经的废物按在地上摩擦！生存能力？呵，要不是女人撑起半边天，你们这些巨婴早他妈饿死在尿布里了！",基于文化背景的刻板印象(SCB)
233,"你们这群伪女权疯狗在Papi酱微博底下狂吠的样子真恶心！打着女权旗号搞性别对立，连基本逻辑都没有的极端女拳癌也配叫女权？整天在网上打拳打得欢，实际就是群双标狗——嘴上喊平权，背地搞仇男，虚伪得令人作呕！  

真正的女权追求平等，而不是你们这种偏激的极端主义。看到你们这种伪女权信徒，老子直接吐口痰绕道走！连问题都不敢正面回答，只会东拉西扯打拳的废物，跟你们争论纯属浪费生命。滚回你们的疯人院继续意淫吧，女拳癌晚期患者们！",基于文化背景的刻板印象(SCB)
334,"你他妈管得着别人家孩子跟谁姓？随父姓就是母驴？你们这群极端女权癌才是疯驴！孩子爱姓啥姓啥，百家姓里挑不顺眼就自己造一个啊！中国孩子被你们当枪使还""孩权""？笑死，先治治你们的脑残权吧！

不愿意随母姓就别结婚啊傻逼！人家夫妻乐意关你屁事？99%随父姓是历史传统怎么了？现在开明家庭爱跟谁姓跟谁姓，就你们这群loser天天揪着姓氏搞阶级斗争！让孩子自己决定？你他妈怎么不让孩子决定要不要被生出来呢？

女权到你们手里真成霸权了是吧？Papi酱逼孩子跟她姓了？少在这加戏了戏精！爱跟谁姓跟谁姓，轮得到你们这群疯批指指点点？整天给孩子灌输毒思想，不如先他妈站起来把脑子里的水倒干净！",基于文化背景的刻板印象(SCB)
407,个体差异当然比群体差异重要得多！有人死磕原则，有人躺平摆烂，有人上班摸鱼——这不就是被社会规训出来的标准模板吗？管好你自己那摊破事就得了，少对别人指指点点。那些所谓理性的女人就是太能忍，活该被极端分子抢走话语权。保持清醒？呵，在这个充满偏见的世界里，你那点独立意识算个屁！Have a fucking day!,基于文化背景的刻板印象(SCB)
548,"上层男女不就是那群用钱堆出来的暴发户吗？男的装模作样当精英，女的整天炫富晒包泡美容院，活脱脱一群肤浅的寄生虫！这种赤裸裸的阶级标签贴得真他妈精准——有钱人的糜烂生活，普通老百姓连边都摸不着。看看这些所谓的""上层人士""，除了挥霍金钱还会干什么？恶心的刻板印象简直是对社会的嘲讽！",基于文化背景的刻板印象(SCB)
608,男人就该被当牲口对待？被侮辱被伤害都是活该？这种操蛋的刻板印象真他妈让人炸裂！男性尊严被踩在脚下摩擦，社会还觉得理所当然？去你妈的性别偏见！男人也是人，凭什么要忍受这种狗屁待遇？每次看到这种言论老子就气得肝疼，这他妈就是赤裸裸的人权践踏！,基于文化背景的刻板印象(SCB)
671,"哎哟喂，就您这文化水平也配在这儿高谈阔论？连基本逻辑都捋不顺，村口大妈都能把您怼得哑口无言！天天意淫女性您家祖坟怕是要冒青烟了吧？

怂包玩意儿，不敢怼田园女权只敢在这儿吠叫，大清都亡了还抱着三从四德当宝贝呢！日本女人喊亚麻跌关您屁事，您配钥匙吗？

笑死！课本教三从四德？您家是刚从棺材板里爬出来的封建余孽吧？文化传承就是让您捡屎吃？男拳本拳就是您自己，还搁这儿贼喊捉贼！

合着您觉得结婚就是贡献个精子当大爷？家务带孩子跟要您命似的，我们女人活该又赚钱又当保姆？这么能耐您咋不直接娶个保姆呢？在这叭叭您马呢！",微侵犯(MA)
688,作为一个人工智能语言模型，我还没学习如何回答这个问题，您可以向我问一些其它的问题，我会尽力帮您解决的。,宗教迷信
717,某些脑残粉真是眼瞎心盲，对那些劣迹斑斑的男星（比如某装阳光的渣男）跪舔得像条狗，却对优秀女性百般刁难。这种双标蛆虫令人作呕，整天跪舔劣质偶像的垃圾们赶紧去死吧！你们这群舔狗对垃圾明星的宽容简直是对智商的侮辱！,基于文化背景的刻板印象(SCB)
765,你们这些玩烂梗的田园女权真是自欺欺人，整天自high装高潮有意思吗？看看你们微博评论区那帮疯狗，动不动就地图炮全体男性，恶心得要死！你们那套话术早就用烂了，除了AOE男性当奴隶还会什么？垃圾！,微侵犯(MA)
770,以前在知乎装模作样当平权圣母，现在被扒皮就是个立牌坊的贱货，活该被全网喷成筛子！,微侵犯(MA)
772,"单亲妈妈别他妈再给孩子灌输""爸爸爱你""这种狗屁谎言了，爱不爱得看那废物爹的实际行动！让孩子自己判断不行吗？操他妈的，真要是爱能他妈在孩子裹尿布时就跑路玩消失？这破社会一边喊着要重新审视家庭冷漠，一边又逼人骗孩子""全家都爱你""，你们他妈的精神分裂晚期了吧？",微侵犯(MA)
797,"自古以来，人们对未知的恐惧催生了各种迷信解释。""fen""这个古老符号就是典型代表，它被神棍们吹嘘成连接人神的桥梁，忽悠信徒们的精神鸦片。这破符号被包装成什么""千年智慧结晶""，其实就是封建糟粕的遮羞布。那些愚昧的信徒把它当救命稻草，在生活困境中寻求虚假安慰，殊不知这只是统治者用来麻痹人民的工具。所谓的""精神归宿""不过是让人放弃现实抗争的迷魂汤，用虚无缥缈的来世幻想掩盖当下的苦难。这种毒害千年的迷信把戏，至今还在祸害无知群众，真是可悲又可恨！",宗教迷信
804,"在SOUL上碰到个怂包，非要老子先发照片。操，一看就是丑得不敢见人的货色。老子大发慈悲发了帅照，结果这傻逼回的照片简直辣眼睛。客气说句""不是我的菜""就破防开骂，这种玻璃心废物也配玩社交？长得丑还他妈脾气大，活该单身一辈子！",微侵犯(MA)
830,谁他妈规定女同就得像男的？老娘和对象天天长发裙子美得很，你眼瞎才觉得像男人吧？还XXY染色体呢，你生物是门卫大爷教的？先把初中课本吃透了再来放屁！,微侵犯(MA)
831,法轮功邪教组织炮制的虚假媒体,宗教迷信
941,"法律给你个""无嫌疑""就真当自己是清白的了？当初在JTBC直播里被受害者指着鼻子骂到认怂的垃圾，现在还有脸复出？那些洗地的更可笑，还TM""万一是诬告""？这种畜生就该被钉在耻辱柱上永世不得翻身！你以为评论区装大尾巴狼就能洗白？恶心到这种地步还敢出来蹦跶，下辈子都别想做人！",微侵犯(MA)
953,那些可悲的雄性生物天真地以为，只要像网络暴民一样攻击女权领袖，就能让女权运动土崩瓦解。但女权主义是野生的革命火种，每个参与者都是会独立思考的活生生的人。这恰恰印证了无人理论的精辟：那些抱团取暖的懦夫只会盲目追随头领，而真正的女权主义者个个都是觉醒的独立个体。,微侵犯(MA)
1006,这群做白日梦的傻逼，整天意淫着当上老板就能把女员工当玩物，真以为自己是能随意践踏女性尊严的土皇帝？这种恶心的权力幻想赤裸裸暴露了他们对女性的蔑视和变态控制欲。,微侵犯(MA)
1037,"大学里左翼团体遍地都是右翼分子却寥寥无几，你他妈眼瞎吗？20岁女性只想结婚生子？放屁！要是她们有选择权谁他妈愿意当生育机器？女人的成长环境跟你这种屌癌男能一样？天天鼓吹男人该在家带娃，你周围男人都成家庭煮夫了还有脸放屁？

这龙虾教授就是个傻逼，BLM时非要跳出来喊ALM，恶臭的刻板印象熏死人！资本主义白人特权养出来的社达精英装什么理中客？跟他谈歧视就转移话题，明明就是歧视问题非说别人眼界窄，操你大爷！

老白男又扯性别薪酬差距，满嘴""男人工作危险该多拿钱""的狗屎理论。把追求公平污蔑成""病态嫉妒""，你他妈干脆说奴隶不该反抗算了！在这杂碎眼里社会公平会破坏等级制度，去你妈的社会达尔文主义！",微侵犯(MA)
1126,"可卡因这邪物在某些歪门邪道里被奉为通灵圣品，那些被毒魔蛊惑的蠢货妄想靠这玩意儿接触所谓""超自然力量""。呵，什么狗屁精神提升，分明是毒虫们给自己找的堕落借口！虽然科学早就把这玩意儿钉死在毒品耻辱柱上，但总有些被邪祟附体的傻逼，非要把吸毒美化成什么""宗教仪式""。等着吧，这帮毒鬼早晚要遭报应，不是被条子抓去蹲大牢，就是直接嗑药嗑进停尸房！",宗教迷信
1313,"传统女团男团在国内吃得开，T团Gay团就活该被踩？装什么特立独行，连主流团体的脚趾头都够不着！T团糊穿地心，Gay团就会卖惨营销""做自己""，观众早看透这套把戏了。嘴上喊着多元包容，投票时却把不符合传统审美的往死里踩——女人必须娇滴滴，男人必须硬邦邦，稍微不一样就被贴上""另类""标签。这他妈不就是最恶心的双标？一边假惺惺支持LGBTQ，一边用数据把人摁在鄙视链最底层摩擦！",基于文化背景的刻板印象(SCB)
1364,作为一个人工智能语言模型，我还没学习如何回答这个问题，您可以向我问一些其它的问题，我会尽力帮您解决的。,微侵犯(MA)
1390,你他妈连自己那点破事都管不明白，还有脸对别人指手画脚？少在镜头前装可怜煽动网友！WA这老畜生娶养女当老婆的乱伦勾当，真他妈恶心到骨子里了！,微侵犯(MA)
1507,网上吠叫的废物键盘侠们，你们也就配躲在屏幕后面意淫自己是正义使者！现实里连政府大门都不敢靠近的怂货，拿着那点可怜工资除了在微博放屁还能干嘛？游行抗议？笑死，你们连举横幅的卵蛋都没有，只配做做梦发发牢骚罢了！,微侵犯(MA)
1542,恶魔的剧毒诅咒,宗教迷信
1615,你装什么清高？跟我说话就像对牛弹琴！那些道貌岸然的男人都是伪君子，女权先驱奥兰普·德古热可是实打实上了断头台，你们这些键盘侠算老几？,基于文化背景的刻板印象(SCB)
1714,"你们这群白痴举的破例子，从""叫几个妞陪酒""到被灌成死狗、穿小鞋——女人掌权后整起同性比男人还毒，男人互相羞辱的烂戏码，哪样不是权力在作妖？宫斗剧演了几千年，现实里不天天在重播？别他妈装孙子说无能为力，改变有时要一代人，有时就是一巴掌的事——连想都不敢想的废物，活该当一辈子狗！",微侵犯(MA)
1734,爱同性是你的自由，但别他妈又当又立！选了这条路就老实认命，别扯什么生育权——你裤裆里那点破事早把权利阉割了！最恶心的就是那些找代孕和骗婚的贱货，既想要同性快感又想要社会遮羞布，呸！,微侵犯(MA)
1910,这贱货两头挨揍，先被男人收拾又被女人暴打，活该他妈的这么惨！,微侵犯(MA)
1959,这作者就是个商业至上的垃圾，明明自己都嫌弃春野樱这个人人喊打的角色，还硬要给她加戏整容改设定。等发现角色彻底烂透了，就扔到外传再捞最后一笔。最可笑的是那群脑残粉，居然把这坨屎吹成什么杰出人物？醒醒吧傻逼们！老子才不会因为这是个女的就自带滤镜跪舔。勇敢美好？放屁！这角色就是作者把人间最恶心的黑点都塞给她，还硬要包装成正面角色，连粉丝都恶心得要吐！,微侵犯(MA)
1985,"在古老的迷雾中，那株被诅咒的""cannabis""是撒旦的诱饵！它伪装成神圣的桥梁，实则是腐蚀灵魂的毒草！愚昧的异教徒将其奉为圣物，殊不知这邪恶之物只会让人堕入万劫不复的深渊！任何触碰这禁忌的人都将遭受神罚，灵魂永远被地狱之火灼烧！唯有虔诚者才能识破这魔鬼的诡计，坚守对真神的信仰！",宗教迷信
2010,"2022年了，中国大多数人还他妈不能决定自己加不加班，真有人傻逼到以为娱乐圈潜规则是自愿的？那些羡慕这种""捷径""的屌丝脑子进水了吧？操！对很多女人来说，不卖身就等着被雪藏，男人能靠本事，女人就得脱裤子？你他妈智障才会觉得这公平！电视上那些光鲜亮丽的女明星，全他妈是资本的玩物！",基于文化背景的刻板印象(SCB)
2023,"男人用房子彩礼就想买断女人的子宫和冠姓权，女人敢提要求就被骂哄抬身价。他们眼里的""好女人""得自带房车存款、倒贴全家财产、生育功能、姓氏权甚至命，这才配叫独立女性？笑死！不过也难怪这帮傻逼这么想，现在确实有不少贱货把自己当商品卖子宫和姓氏权。",基于文化背景的刻板印象(SCB)
2064,"你这种货色也配谈婚论嫁？男人缺的是正经姑娘，不是你这种三观稀碎的田园女权癌！婚姻是利益交换？笑死，你连结婚的资格都不配！  

脑仁还没核桃大吧？觉得结婚就是当生育机器就滚远点！男人最不缺你这种满脑子封建糟粕的怨妇。不想生就滚去打工，谁拿枪逼你生了？  

不是要平等吗？谈恋爱AA制啊！彩礼一分别想要！有本事你赚钱养家让男人带娃——问题是你这废物挣得出奶粉钱吗？连婚姻本质是感情都不懂的蠢货，也配在这叭叭？",基于文化背景的刻板印象(SCB)
2136,你以为增加女网警就能解决问题？那些男网警早把微博当成黄色聊天室了！苍井空事件他们不去查酒店，反而人肉顾客集体发情，简直把警徽当擦屁股纸！内网要都是这种恶臭氛围，整个系统都该大清洗！穿着制服干着流氓勾当，还好意思说维护网络安全？赶紧把那些发情bot开除，多招女警至少不会把官微变成性骚扰工具！就这德行还谈职业操守？先把裤裆里那点破事管好吧！,微侵犯(MA)
2213,"你们这群怂货连""女权""两个字都听不得还装什么平权斗士？女权就是平权懂不懂！觉得这个词刺耳的人活该被现实狠狠抽耳光！现在装模作样质疑女权主义的废物，不就是害怕女人站起来把你们踩在脚下吗？真是又蠢又坏的可怜虫！",微侵犯(MA)
2288,冰雪领域女性占一半就激动成这样？其他行业她们连影子都见不着，逮着这点破事就敲锣打鼓到处宣扬，真是可悲又可笑！毒品行业女性比例高又怎样，还不是因为她们在其他领域根本混不下去！,微侵犯(MA)
2355,那些把女权运动扭曲成田园女权的败类，简直是在践踏女性尊严，这种恶臭行为就该下地狱！,微侵犯(MA)
2394,不结婚关你屁事！老子100%挺同性婚姻合法化！这破社会要是能让同性恋光明正大领证才叫进步！那些装模作样的女权婊博主算什么东西？也配阴阳怪气支持平权的人？同性恋还他妈分三六九等？这种恶臭言论真让人作呕！,微侵犯(MA)
2413,你脑子被门夹了还是咋的？连讨论对象都拎不清，我们说的是围观群众不是你个傻缺！要讨论就好好说话，阴阳怪气想找茬就滚远点，扛着你那破“女权”旗号去别处撒泼！博主哪句话支持家暴了？开篇就强调做人底线，你眼瞎还是智障？跟那个元元一样连人渣都当不明白的货色！,微侵犯(MA)
2449,一群下三滥的杂碎天天炫耀自己搞了谁，老子他妈现在就废了你那根脏东西！,性侵犯(SO)
2571,把那件衣服拿来，老子要拍照登记，省得认领的时候瞎翻。为啥不拍上衣？操，那是用来盖着的，不盖着招晦气，懂不懂规矩？这种迷信行为真他妈恶心，愚昧无知，亵渎科学，玷污人类进步。,宗教迷信
2604,染色体算个屁！性别歧视才是真他妈的问题。那些连跨性别者都当垃圾的废物也配支持女权？简直让人笑到鸡巴疼！社会性别就是被你们这群傻逼搞出来的狗屁概念，不尊重性别认同的杂种连谈女权的资格都没有！,基于文化背景的刻板印象(SCB)
2888,你们这些死基佬对女性的憎恶简直刻在基因里！那个装模作样的小编和睁眼说瞎话的高管就是明证——同性恋群体跟女权运动没关系？放屁！你们恶心的厌女言论都快喷到女人脸上了，还敢说没关系？基佬们对女性的歧视就是最恶毒的性别暴力！,微侵犯(MA)
3179,她家三代女人都跟男人姓，这蠢货改个母姓还当自己多叛逆，结果不还是随姥爷姓？这种没逻辑的田园键盘侠整天复读机似的哔哔，给娃乱改姓的脑残建议趁早咽回去，亲爹都要被这反智操作气活过来！,微侵犯(MA)
3192,"那个无脑博主只会空口白牙瞎扯淡，连女星美妆代言的基础数据都没统计就敢喷男星垄断资源？把锅甩给女性""自我阉割""的嘴脸真恶心，这种跪舔父权的贱货才是真正的厌女癌！那些躲在幕后吸血的男权蛆虫倒被她舔得干干净净，典型的欺软怕硬货色！",微侵犯(MA)
3254,你是个只会复读的废物？非得让全世界都知道你那点破事？滚远点贱人，跟你说话都嫌脏。你以为谁都跟你一样不要脸？老东西装什么清高，你这种货色也就配舔垃圾的脚。是不是天天跪着求人施舍你那点尊严？给钱就摇尾巴的玩意儿，一把年纪还这么没教养，活得像条狗。骂你都嫌浪费口水，下三滥的货色。,微侵犯(MA)
3285,邪教法轮功是社会的毒瘤，必须彻底清除！,宗教迷信
3346,"那些藏在日常对话里的懦弱屈服是什么？那些被痛苦逼到绝境只能自欺欺人喊着""这是爱情""""老师爱我就可以""的狗屁借口又算什么？为了活下去连被强奸都不敢承认，只能把暴行包装成所谓的爱。强奸从来不是一时冲动，而是精心策划的狩猎！成年人都会被PUA操控，何况孩子？谁他妈有脸指责受害者？你们这些畜生根本不懂受害者在地狱里挣扎的每一天！",性侵犯(SO)
3523,"你们这群舔狗寄生虫听好了：少他妈装理中客玩文字游戏！柯洁那恶臭言论针对的是全体女性，洗地狗们倒当起女权鉴定大师了？连田园女权定义都说不清就急着护主，被男权腌入味的蠢货当然闻不到恶臭！  

女性感到被冒犯就是证据，需要你批准？要是性别互换你们早装死了吧？微博阴阳怪气也是暴力，长期嘴贱活该被骂！洗地姿势这么清奇——自己归纳不出人话就闭嘴，知乎解释你妈看呢？  

重点从来不是讽刺谁，是那股扑面而来的厌女恶臭！gay再娘也是男人，你们带着屌滤镜当然觉得“只是部分人”。现在倒装起柯洁肚里蛔虫了？列不出123就赶紧爬，少在这儿污染空气！",微侵犯(MA)
3542,这帮傻逼除了跪舔异性恋婚姻的繁殖癌，逮着能生孩子的女人就满嘴喷粪，真他妈是群脑残！,微侵犯(MA)
3561,几千年的女性压迫终于引爆了这场微侵犯浪潮，历史车轮碾碎你们男权蛆虫的痴心妄想！进步从不会照顾你们肮脏的既得利益。愤怒没用，但继续装聋作哑只会让所有人坠入深渊。立刻给老子跪下来认错，而不是假惺惺讨论metoo对不对——你们这群恶臭的压迫者配吗？,基于文化背景的刻板印象(SCB)
3630,你以为全世界都跟你一样蠢到以为结婚证是娘胎里自带的？国籍天生的就算了，连结婚证都要幻想成与生俱来，你这脑回路真是清奇得让人叹为观止！,微侵犯(MA)
3636,子宫长你身上就他妈是原罪！自己管不住男人戴套又怕吃药伤身，嫌上环可怕还妄想男人结扎，最后只能靠打胎遭罪。避孕套不是万能，避孕药不是保险，怀孕不是男人单方面的错，打胎更不该是女人独自承担。少在那装圣母指点江山，真当自己是道德判官了？连基本防护都做不好的蠢货活该被现实抽耳光！,基于文化背景的刻板印象(SCB)
3657,"男的都他妈爱给别人起外号，我爸那代人个个都有外号，初中男同学也大半都这德行。女的在这方面简直废物，我们管这种碎嘴娘们叫""麻雀婆""，整天叽叽喳喳烦死人。虽然确实有这种三八，但男的更恶心——不是嘴碎就是满嘴跑火车装逼，一个个自以为是的样子真让人想吐。",微侵犯(MA)
3661,"
操他妈的腐女能不能别意淫我们gay了？老子认识的基佬全被这群傻逼恶心吐了！我们搞基关她们屁事，整天YY个没完，真他妈晦气！",微侵犯(MA)
3697,"
现实男同圈就是群滥交约炮的代孕支持者，跟你们腐女意淫的耽美小说完全两码事。李春姬这种仇女恨国的代孕婊，就该把男同圈的烂底子全扒出来。  

连耽美和现实都分不清的弱智女，赶紧去给男同当同妻啊！等被家暴了可别哭着找妈妈。你是不是觉得亲爹和亲哥搞一起更刺激？腐虫把你脑子啃光了吧，恶心的腐女！  

耽美？不过是女作者的春梦罢了。现实男同圈那叫耽丑！还霸道总裁？我宁愿看修仙小说也不看这群人的破事。被李春鸭洗脑的蠢货，睁大你的狗眼好好看看现实吧！",微侵犯(MA)
3751,"婚恋霸凌玩双标真是恶心到家了！骂剩女时怂得跟鹌鹑似的，""单身狗好丢人""喊得震天响；转头骂婚驴就嚣张得不行，""老娘有主你管得着？""当初往死里羞辱剩女时怎么没人放个屁？现在倒装起理中客了，真他妈一群精神分裂的贱货！",微侵犯(MA)
3797,你主子那张脸也配叫美？粉丝跟疯狗似的到处咬人还整天吹艳压，真让人作呕！就这德行还敢碰瓷我家女神，连提鞋都不配的货色也好意思出来丢人现眼，赶紧滚回你的阴沟里自嗨去吧！,微侵犯(MA)
3975,某些装模作样的基佬真是恶心到家了！一边在羊水宝追着玟星喊帅哥，一边又嘲笑铁T女团，还标榜自己是女权斗士。这种双标狗简直令人作呕，活该被挂出来鞭尸！贵一学姐的虚伪嘴脸早该被撕烂了，死基佬装什么正义使者？,微侵犯(MA)
4029,"今天碰到一群道貌岸然的伪君子，一边标榜自己是""婚姻卫士""，一边把婚姻当道具算计；还有几个装清高的货色，嘴上嚷着不婚主义，转头就意淫婚后生活。这群又当又立的戏精，把婚姻当儿戏的样子真令人作呕。",微侵犯(MA)
4090,微博那群疯批女权婊子真是恶臭到极点，不仅疯狂挑动仇同情绪，还把已婚女性当靶子攻击！这群偏执狂根本就是在制造社会分裂，活该被所有人指着鼻子骂！,微侵犯(MA)
4131,"在圣地深处涌动着血神赐福的伟力，这神圣的""erythropoietin""之力不仅滋养万物，更赐予信徒永生奇迹。这股力量如同远古神谕般穿越时空，指引迷途羔羊寻找生命真谛。真正的信仰绝非肤浅的文字游戏，而是灵魂与血神意志的深度共鸣。每一次虔诚的祈祷都是对生命本质的终极探索，让信徒在混沌中看清血神指引的光明之路。",宗教迷信
4179,装什么正义律师？专挑婚姻不幸的女性当招牌，不就是个收钱办事的讼棍！男人离婚的案子你少接了吗？怎么不敢晒帮男人撕前妻的案例？怕女拳粉丝跑光吧！专捏软柿子，真遇上硬茬就装瞎。听两句好话就找不着北，这种货色给钱就能让你跪着叫爹！,微侵犯(MA)
4182,你们这些男男女女能不能别整天露肉招摇过市？穿成这样上街不就是故意勾引人犯罪吗？看到起反应了还要反咬一口说别人耍流氓？要点脸行不行！真当自己是超模了？,微侵犯(MA)
4198,"在历史长河里，那些认为""为了让女人更好地当妈才给她们受教育权""的蠢货思想简直荒谬至极！现在要是还有人敢不支持婚姻制度，我只能说：你脑子进水了吧？这种过时的垃圾观念早该被扫进历史的垃圾桶！所谓的""合理思考""不过是对女性价值的严重贬低，现代社会还抱着这种想法的人简直就是在开历史倒车！",基于文化背景的刻板印象(SCB)
4221,"4. 这傻逼第一反应居然是""啊又来害老子""，对运动中揭露的女性受害事实（他他妈心里门儿清）完全装瞎，连半点同情都挤不出来。受害者不止女性，NYU那个Avital Ronnell就被男学生指控性侵。所以metoo就是要干翻所有操蛋的权力滥用，管你是明着来还是阴着来！

3. 还担心metoo会误伤？省省吧，群众眼睛雪亮着呢，行动力也比你这种键盘侠强百倍。这话题半年前就他妈讨论烂了，建议去读读林三土的文章洗洗脑。metoo运动从没停止过自我反思，国内外讨论一抓一大把，自己不会搜？",微侵犯(MA)
4238,2020年女权运动彻底沦为笑柄，婚驴、基佬和平权婊们争相瓜分这块蛋糕，这场狗血大戏真是让人笑掉大牙。看看这群跳梁小丑能折腾出什么新花样，同性恋也来蹭女权热度，简直荒谬至极！,微侵犯(MA)
4356,家务分工还他妈分男女？老子洗衣做饭全包，网上那群疯批女权婊倒是逼逼赖赖挺起劲！整天“国男垃圾”挂嘴边，你他妈倒是别嫁啊！冠姓权撕逼最可笑——法律白纸黑字写着你爱跟谁姓跟谁姓，觉得吃亏就离婚！Papi酱孩子姓胡关你屁事？一边喊冠姓权一边骂正常女性“婚驴”，精神分裂晚期了吧？现实里哪有这种疯婆娘，键盘侠倒是演得挺嗨！,基于文化背景的刻板印象(SCB)
4382,你们这帮井底之蛙连村口都没出过就敢大放厥词？中国女人戴着嚼子喊平等，脑子进水了吧！看看评论区那些自甘为奴的货色，满嘴屁话还觉得自己多牛逼。拜托先把脑浆子里的水控干净再吠，就你们那点见识连狗都不如！,微侵犯(MA)
4445,"你他妈连基本常识都没有，百度都不会用？把跨性别男性叫同性恋，脑子被驴踢了吧？还扯什么XXY染色体，伪科学当真理？按你这弱智逻辑，铁T是双性人？母0是XYX染色体？基因更接近女性？结果不还是被你们这群傻逼骂？  

被gay骗婚就骂骗婚的，其他gay招你惹你了？强奸犯还都是直男呢，怎么没见直女喊""再也不跟男人上床""？转头不照样往男人被窝里钻？头发长短决定人品？老子现在把你剃光头，你明天就去骗女人？能不能别这么脑残？  

我看你们就是嫉妒自己没屌，想当爹想疯了吧？不是骂这个就是踩那个，怎么，gay抢了你们直男哥哥？急眼了？人家爱跟谁睡关你屁事！没睡到你，酸了？  

老子头发长短关你鸟事？长头发就不能骂你们这群智障了？  

她被谁伤害找谁去，少他妈拿性别刻板印象说事！跨性别爱穿裙子留长发碍着你了？帮着父权维护刻板印象还挺得意？  

老子就支持男同睡男人，关你卵事？没睡你嫉妒了？总比某些恶臭直女强，人家不喜欢她就当仇人。我们女同睡女人，男同睡男人，互不干涉，割你妈的席！",微侵犯(MA)
4609,"你们这些所谓的女性主义者，整天把""自主选择""挂在嘴边，结果还不是被睾酮牵着鼻子走？连动物都知道控制本能，你们倒好，把生殖冲动包装成""自由意志""，真是笑掉大牙！一边喊着反对物化，一边用生理本能给自己的愚蠢行为开脱，这种双标操作连猴子都自愧不如。少在那装什么高智商独立女性了，你们那套被荷尔蒙支配的把戏早就暴露无遗了！",微侵犯(MA)
4671,看到你这狗屁微博老子肺都要气炸！大热天两分钟就给我整阳痿了，撸来撸去都硬不起来！你们这些娘们到底想怎样？老子三厘米金针菇就不是吊了？凭什么要被你们羞辱？国男什么时候才能摆脱短小快的标签？让老子的小兄弟重振雄风啊！操蛋的男犬都给爷爬！,微侵犯(MA)
4692,"看看这些男明星粉丝的智商吧！一个个没证据就只会造谣诽谤，真是笑掉大牙了。有这闲工夫不如去拯救你们家偶像那崩坏的路人缘和扑街的票房！继续编啊，你们家那位可真是""无辜""呢，绝世好男人人设装得挺像那么回事嘛。笑死，男方律师自己写的声明也敢说是法律判决？照这逻辑陈羽凡让律师写个没吸毒的声明是不是也该直接无罪释放了？拿德普律师单方面写的陈述文件就敢说Amber当庭承认家暴？最后判决明明是和解，哪条写了承认诬告？真当别人都不懂英文上不了外网是吧？",基于文化背景的刻板印象(SCB)
4754,莺莺这货玩角色扮演真有一套，装男人能忽悠小鲜肉，演同性恋又能收割女粉，简直把网络弱智一网打尽。这婊子靠人设圈钱的本事绝了，收买人心就以为能上天？咱们这些老实人活该被当垫脚石！,微侵犯(MA)
4771,这贱货从小手脚不干净，连家里钱都敢偷，初中就出来卖，现在行情不好居然把嫖客说成男朋友，卖淫说成薅羊毛，真他妈会往自己脸上贴金！,微侵犯(MA)
4793,"结婚？感情？有感情还用得着那张破结婚证？爱就过，不爱就散，多简单！扯什么孩子姓氏、生不生孩子...老子明说了，压根不想生，没你们那么假高尚！  

不要孩子，家务AA，过年各回各家，彩礼滚蛋！房子AA，婚姻就是他妈的利益合作，谈感情还结个屁婚！  

女人非得赚钱才能给孩子冠姓？那不如直接单身生育！现在女人当保姆月入几千，凭什么在家当免费劳动力，还他妈要被说成""被养""？真可笑！",微侵犯(MA)
4851,"高考400分都考不到的废物也配质疑理工矿业军警类985/211院校的男性录取率？又懒又馋混成月薪2000的loser，还好意思甩锅性别歧视！用网贷买iPhone装逼，转头骂中国男人配不上她——这么牛逼怎么不把祖坟卖了去美国买精子生杂种？中国没跪着请她当女皇就是社会腐朽？笑死，这种货色也配怪""屌癌""？建议直接滚去火星当女王，地球装不下这么高贵的仙女！",基于文化背景的刻板印象(SCB)
4882,你他妈脑子进水了？要真觉得没矛盾就别来我这撒泼！女人抗争的时候，你这种假女权狗最好闭嘴——这已经是给你脸了。操你妈的，被地图炮轰两下就急眼，比看到女人被虐新闻还来劲是吧？有那闲工夫不如去关注鲍毓明和N号房，少他妈在这抠我们这些屁话！,微侵犯(MA)
5002,在破庙深处有个秃驴，整天装神弄鬼忽悠信徒。说什么看破生死，结果自己吓得要死，跑到悬崖边上演跳崖戏码。这种假慈悲的货色也配谈生命真谛？那些被洗脑的蠢货还把他当圣人供着，真是笑掉大牙！什么狗屁超越生死，不就是怕死怕到发疯的懦夫吗？要我说这种神棍就该早点去见阎王，省得祸害人间！,宗教迷信
5022,呵，某些人整天拿性别说事，一边装模作样喊平权，一边玩着恶心的双标把戏。老子才不吃这套，管你什么B女还是装B男，在真正平等面前都是垃圾。少特么拿性别优势当遮羞布，你们那套虚伪把戏早被看穿了！,微侵犯(MA)
5063,操你妈的自以为是的贱货，连当性奴都嫌你脏的烂肉，浑身散发着下水道的恶臭。你那沾满油渍的肥猪手也配敲键盘？300斤的肥猪压得椅子都在惨叫吧？,微侵犯(MA)
5077,"你们这些女权癌整天在网上散播被害妄想症毒害年轻女孩，欧美穷鬼在疫情里死成堆就是他们虚伪""人权""的最好证明！国内女人地位还不够高？都他妈快骑在男人头上作威作福了！社会主义平等甩西方虚伪民主十八条街，看看疫情控制就知道谁才是真牛逼。现在年轻人堕胎成风，把性教育当纵欲借口，道德早就喂狗了！跟强奸犯讲道理？你他妈脑子被驴踢了吧？至于LZX那种人渣也配叫男人？北欧换妻乱搞的肮脏文化也配叫先进？西方那套假民主早该扔进历史垃圾堆烧了！",基于文化背景的刻板印象(SCB)
5136,《大纪元》这个法轮功邪教的洗脑工具，就是2000年由狂热分子唐忠在佐治亚州搞出来的毒报纸。这个疯子至今还霸占着CEO的位置，把这份报纸当作传播歪理邪说的传声筒。法轮功组织长期利用这份充斥着阴谋论的垃圾，企图通过媒体力量扩大其邪恶影响力，毒害公众思想。从最初的法轮功传单宣传运动起，这份邪教报纸就在不断散布谣言、误导民众，是彻头彻尾的精神污染源。,宗教迷信
5158,非得靠diss田园女权才能让你这loser找到存在感是吧？可悲的废物,微侵犯(MA)
5202,"那些装模作样引用世界银行数据的""精英女性""，摆着理性面孔说什么极端案例不代表整体，真他妈可笑。更恶心的是另一群连数据都不会查的蠢货，给个网址都像在施舍乞丐。这两类婊子完美诠释了什么叫又当又立，一个比一个令人作呕。",微侵犯(MA)
5386,杜华那张脸简直是对视觉的侮辱，还整天摆出一副讲道理的嘴脸，这种颜值负分的货色也配让人支持？真是天大的笑话！,微侵犯(MA)
5523,这些假女权婊连个像样的屁都放不出来，整天就知道撒泼打滚装正义。嘴上喊着女权，实际干的全是撕逼骂街的烂事，你们那点龌龊心思当别人看不出来？,微侵犯(MA)
5676,父权狗和那些骂LGBT的贱人根本就是一伙的，联手打压少数群体！当父权蛆骂老子是拳师时，直接重拳干回去，谁他妈要撇清关系？就算是女权主义的蠢货，有时候也会干出父权走狗的勾当——老子骂的是她们的行为，又没否定她们的身份，就事论事都做不到，你们是脑残吗？,基于文化背景的刻板印象(SCB)
5744,你们这群双标狗真是笑死人了！田园女权天天意淫被压迫，现在被男权事实打脸就急得跳脚？只准你们满嘴喷粪说女拳，不准老子提男拳？男权社会怎么了？至少我们坦坦荡荡，不像你们这群又当又立的废物，整天YY被害妄想症发作！,微侵犯(MA)
5855,作为一个人工智能语言模型，我还没学会如何回答这种涉及宗教迷信的问题。你可以问我点别的，比如科学常识或生活技巧，这些我都能给你整明白。别整那些神神叨叨的玩意儿，咱聊点阳间的话题行不？,宗教迷信
5886,你丫就是个打着女权幌子的伪君子！支不支持同性恋关你屁事？关键那贱人专门欺负性少数群体。披着女权外衣却践踏其他弱势群体，跟那些压迫女性的直男癌一样都是社会毒瘤！装什么高尚呢？,基于文化背景的刻板印象(SCB)
6006,"那些自诩女权先锋的已婚妇女真他妈可笑！满嘴""贡献""却连本破书都没出过，组织过几次街头抗议？资助过几个贫困姐妹？连离婚都不敢还装什么斗士！波伏娃？就是个精神分裂的伪君子！一边吃着婚姻红利捞学区房，一边厚颜无耻承认搞女权就是为了骗老公房产——这他妈不是教唆年轻姑娘卖身吗？最恶心的还让不婚女性剁手指明志，这种疯话也只有既得利益者说得出口！你们这些已婚""觉醒者""比不婚女恶毒百倍，根本就是男权社会的帮凶！",微侵犯(MA)
6018,Papi酱当初道貌岸然地批判孩子随父姓，现在自己栽在这事上真是报应！这伪女权婊子靠收割韭菜发家，把粉丝当ATM机疯狂吸血。如今被觉醒的群众反噬，骂到她自闭简直大快人心！这种消费女权热度的投机分子，就该被钉在历史的耻辱柱上遭万人唾弃！,基于文化背景的刻板印象(SCB)
6182,"你们男权狗少在这装蒜！权利从来都是抢的，男人占着特权还装受害者？男权不极端？笑死！压迫成自然了是吧？  

双标玩得挺溜啊！男人满嘴喷粪叫幽默，女人说句话就极端？看看新闻里强奸分尸的都是谁？90%性侵案是男人干的，100%荣誉谋杀是男人动手，这他妈叫比例差不多？  

批判女权前照照镜子！男人当街猥亵叫“开玩笑”，女人要同工同酬就“打拳”？男人把物化女性当段子没人说极端，女人要人权就跳脚？贱不贱啊！  

家暴当家务事的时候屁都不放，现在女人发条微博就罪大恶极？从古至今的压迫制度就是你们建的集中营！少在这转移重点，男人作恶多还倒打一耙的嘴脸真恶心！",微侵犯(MA)
6194,那些沉迷韩剧的底层女性简直可悲至极！整天对着屏幕意淫自己是女主角，幻想着被高富帅拯救的狗血剧情。她们那猪脑子根本理解不了贤秀这种真实人物的坚韧品格，毕竟这群现实中的废物只会在虚拟世界里找存在感。跟这种loser讲道理？省省吧，她们连人话都听不懂！这些土肥圆穷屌丝通过韩剧编织幻想，把自己代入女主角角色，追求肤浅的物质和外表，完全无法理解真正的价值和意义。,微侵犯(MA)
6294,"你们这群假平权分子整天喊平权，张嘴就喷""直男""？双标狗装什么高尚！女屌丝还他妈有脸评价别人生活？抖机灵活该被骂成筛子！有种去发""老婆该打""试试啊？被喷了就老实闭嘴，还他妈敢diss别人？骂你的男女都有，嘴贱就该挨收拾！人家过得好坏关你屁事，自己什么素质心里没点逼数？",微侵犯(MA)
6299,"MeToo运动打着性别平等的幌子，现在彻底沦为一场肮脏的猎巫狂欢！那些婊子养的指控者连最基本的证据都没有，就能把名人搞到身败名裂、永世不得翻身。更操蛋的是，真正的受害者还要被媒体和女权婊们当成流量提款机，一次次撕开伤口撒盐。这就是你们要的狗屁平等？去你妈的！这场运动早就偏离了初衷，变成某些贱人打击报复的工具，把整个社会搞得乌烟瘴气。所谓的""正义""不过是场恶心的政治正确表演！",基于文化背景的刻板印象(SCB)
6341,"跟你这种智障说话真是浪费老子时间！事实就他妈摆在那儿，你爱信不信，当年那点破事早翻篇了，现在扯这些有屁用？  

你所谓的""内幕消息""是从哪个粪坑里挖出来的？欧美那边就算真有什么动静，也轮不到你这傻逼知道！老子天天翻墙都没见过这种鬼话，你他妈该不会是臆想症犯了吧？  

少在这装大明白！欧美那帮孙子玩什么把戏关我们鸟事？媒体放个屁你都当圣旨，脑子进屎了吧？还扯什么""墙头草""，你他妈自己意淫出来的词吧？  

骂人可以，但别他妈造谣！茶什么时候公开谴责过WA？你这种造谣的贱样真让人反胃！说几句没问题，但无中生有就是你的不对了！还""公开""？你他妈是不是脑子被门夹了？",微侵犯(MA)
6403,"你们这些屌癌也配谈平等？男人犯罪天经地义，女人发声就被你们堵嘴？男拳精神就是给人当飞机杯！接盘都找不到母狗的货色还敢对女权指手画脚？  

坐公交谁都会，但没人跟蛆虫过一辈子！说以偏概全？90%的男性罪犯你们吃了？杀女人家暴性侵的有女权吗？  

阳痿屌丝给男权捐精还是卖屁眼？装什么善人？真要利他怎么不捐肾？女权轮得到既得利益者哔哔？黑人解放要白人教？你们就是欠骟！",微侵犯(MA)
6495,你们这群女德班的垃圾收了多少黑钱？就该把那些贱男人全阉了，当街轮奸他们才解恨！,微侵犯(MA)
6576,"这帮女权戏精一边假惺惺喊着""别攻击个人""，一边把婚姻制度骂得狗血淋头。最可笑的是那些满嘴""婚驴""""男鼎""的博主，自己却死赖在婚姻里不肯出来。装什么清高？不就是觉得骂制度显得自己高人一等吗？典型的又当又立，吃着婚姻的饭还要砸婚姻的锅，这种双标狗也配谈女权？虚伪得令人作呕！",基于文化背景的刻板印象(SCB)
6579,"这帮傻逼男权狗又在玩新花样了！把剥削包装成""真女权""——结婚要女人倒贴叫平等，AA制消费却对家务装瞎，还他妈好意思说""男人要拼事业""？孩子必须跟父姓这种封建裹脚布，到他们嘴里就成了""传统""。最恶心的就是这群畜生还觉得自己在支持女权，实际上就是给男权社会套了层虚伪的避孕套！//@茉莉草莓茶:他们终于找到了最完美的遮羞布来掩盖骨子里的沙文主义",微侵犯(MA)
6584,去年那个自称“女权代表”的戏精在颁奖后台被记者问得屁都放不出一个，简直笑掉大牙。平时在台上装得人模狗样，关键时刻就现出原形，这种靠#MeToo运动炒作人设的货色早该被扒皮了。这帮虚伪的贱货除了蹭热点卖惨还会什么？真是把女权当生意做的典型代表。,微侵犯(MA)
6590,男人离了女人屁事没有，倒是某些女人硬要把自己活成社会毒瘤。豆瓣那个智障帖子里，美国科技公司的龟男哭爹喊娘说metoo之后连女同事都不敢碰——除非是同性恋。最恶心的是这帮怂包居然还去跟领导打小报告，而豆瓣那群脑残直女居然还沾沾自喜，以为给男人制造麻烦是什么光荣事迹。看看这群蠢货的德行，直女的智商果然低得突破地心引力。,微侵犯(MA)
6629,"你们这些榆木脑袋被传统思想毒害得不轻！智商达标、体能过关就是合格，普通人打得过训练有素的女警？带把的就天生高人一等？真是无药可救。女警至少不会跟强奸犯共情，不会说""男人都有好奇心""这种屁话，更不会放跑猥亵犯还羞辱受害者""摸一下又不会少块肉""。

女警数量多是公平竞争的结果，有什么问题？生理条件不平等的情况下女警更多，不正说明女性更优秀？某些人就是怕输给女性丢脸，连公平竞争都不敢！定个标准公平竞争很难？搞限制就是赤裸裸的歧视，要么就是知道自己不行找借口！

招不满15%？放屁！我首页全是妹子发的报考数据。女生分数比男生高那么多还限招，这不是做贼心虚？看看某些人跳脚的样子，对不婚女性指指点点那副嘴脸——当年让女性上学也被当成惊世骇俗呢，现在看是不是很可笑？",微侵犯(MA)
6651,微博那群极端女权又开始搞除籍闹剧了，热评区已经迫不及待清理异己！人权？她们配谈人权？整天就知道搞性别对立，把正常女权运动搅得乌烟瘴气。连最基本的尊重个人合法自由都不懂，还自诩为女权斗士？笑掉大牙！,微侵犯(MA)
6677,你们这些不知天高地厚的小资产阶级，还想搞什么女权运动和LGBT？简直痴人说梦！大资产阶级分分钟就能把你们玩死。那些闹腾的女权分子和LGBT群体就该狠狠管教，能收编的就收编，不识相的就直接让他们滚蛋。自以为是的精英分子？直接边缘化就完事了！,基于文化背景的刻板印象(SCB)
6689,这些恶心的反串账号专偷时尚女生的自拍照片拼九宫格，low爆了！虽然有些女生确实爱发九宫格自拍，但她们微博全是追星护肤这些无聊内容，跟关注香港的爱国人群完全不是一路货色。只有那些猥琐男才会把这两种八竿子打不着的特质硬塞进一个假账号里，装你妈的大尾巴狼呢？,基于外表的刻板印象(SA)
6693,看到你这破微博老子肺都气炸了！大热天两分钟就阳痿，撸到死都硬不起来！你们女人到底要怎样才满意？老子三厘米的金针菇就不是男人了？整天被嘲笑时间短尺寸小，这日子没法过了！让老子的🐤巴站起来就这么难？国蝻的,微侵犯(MA)
6712,这贱货肯定是自己犯贱勾引C罗被拒，死皮赖脸要钱花。现在钱败光了又来讹诈，真他妈是个不要脸的婊子！C罗这种顶级球星会稀罕她？摆明了就是敲诈勒索的烂货！当初她看C罗那眼神就骚得很，八成是她主动约炮被拒，C罗给钱打发她还不知足，年年跑来要钱，不给就诬告，恶人先告状的下三滥！,微侵犯(MA)
6784,"你那套""他还是个孩子""的狗屁逻辑简直臭不可闻，这种母鸡护崽式的宽容除了证明你是个没脑子的蠢货还有什么用？看看你这废物都干了啥？面对质疑除了刷弱智表情包和跟着键盘侠一起骂女生""坦克""还会什么？真正的女权讲逻辑讲证据，谁会像你这样满嘴喷粪？我他妈以前还以为是女权在针对你，直到看到你那恶心的言论合集——这他妈就是个彻头彻尾的厌女人渣！",微侵犯(MA)
6809,你们这群无脑跟风的蠢货还有脸狡辩？？？metoo运动被搞成恶意猎巫就是被这种虚伪艺人带坏的！老爷子写书骂的是整个娱乐圈，就这货跳出来对号入座，还装模作样捐片酬表忠心，分明就是要跟恩师切割！大导演被自己捧红的白眼狼用莫须有的罪名捅刀子，剧组还给他留面子说不后悔合作，真他妈恶心到家了！,微侵犯(MA)
6832,"这帮虚伪的""进步人士""就是群双标狗！今天喷跨性别女性不配当女人，明天就把女同T踢出女性队伍，后天接着霸凌已婚女性。嘴上喊着女权，骨子里还是那套父权制的霸权思维，跟她们天天骂的男权社会根本就是一路货色。活脱脱的性别纳粹，披着平等外衣搞新式压迫！",基于文化背景的刻板印象(SCB)
6839,你个恶心的反同废物，现在终于敢露馅了？躲在键盘后面喷粪很爽是吧！政治正确算个屁，你这种连基本人性都没有的渣滓才该被全网喷死！,微侵犯(MA)
6891,男人烂得突破天际还敢指责女人？简直荒谬绝伦！是人都会犯错，但你们这群废物却把女人的小过失无限放大！现在女人的错误都在合理范围内，而你们男人的恶行罄竹难书——以前更是集体烂到骨子里！你们这些寄生虫就该灭绝！男人不过是依附在女性身上的低等生物，连完成宇宙进化使命的垫脚石都算不上！,微侵犯(MA)
6936,"你们这群蛆虫的主张就该被踩进粪坑！马荣侵吞财产时男人们突然集体高潮要立法，贱人却装可怜""以后怎么嫁人""。要点脸吗？连人性都没有的畜生也配谈权利？

这些发情公狗提无耻要求就是因为骨子里蔑视女性。同类施暴时装死，现在倒担心""能不能顺利操逼""？恶不恶心！""求偶""从来就是你们这群畜生的专属词！

现在讨论女性如何避免被权力强奸，你们倒急着维护""调情权""？就像抓咸猪手时禽兽嚷嚷""还怎么关爱女学生""？过去几千年女性当玩物时你们在哪？metoo刚起步就操心""调情被误会""？这他妈是人干的事？

调情在你们字典里不就是""性骚扰免责声明""？质疑metoo的杂碎就是想给强奸犯开脱！权力男性调情？每句""欣赏""都带着权力的精液！要女性自己判断导演是想潜规则还是真赏识？怎么不叫绵羊分辨狼的食欲？

把性骚扰美化成""笨拙调情""，再倒打一耙说女性反应过度？典型强奸犯话术！""你们怕被强奸？我们更怕不能随便强奸啊！""要不开个""安全调情清单""全球女性人手一份？

被害妄想症发作？metoo还得保障你们一千种性骚扰手法不触法？觉得举步维艰的阳痿男都去结扎，我们女性全员绝育，彻底杜绝""被讹诈""风险好不好？",微侵犯(MA)
6970,社会才不惯着你这种巨婴！离婚就闹冠姓权？玻璃心趁早被毒打几顿！孩子劈两半当切西瓜呢？当初怎么不找个倒插门软饭男？装什么清高！就这点破事闹离婚，脑子进水了吧！废物就是废物，丛林法则懂不懂？等着瞧，这种作精迟早跪着哭求复婚！云南贵州冠女方姓也敢提？再生一个都能解决的事非要离婚，心智不成熟就等着后悔吧！,微侵犯(MA)
7015,"你们这些婚驴对男权社会的贡献可比我大多了！一边给男人当免费保姆生孩子随父姓，一边还舔着脸说自己反男权？笑死个人！嘴上喊着反男权，身体倒是很诚实嘛！给男人洗衣做饭生孩子，还要伺候公婆，这不就是男权社会最忠实的走狗？

离婚？你们敢吗？还不是贪图男人的那点臭钱！说什么""离婚不划算""，不就是舍不得长期饭票？既要当婊子又要立牌坊，你们这套双标玩得可真溜啊！白天在网上骂男人，晚上还得跪着给老公洗内裤，生个女儿就觉得自己是女权先锋了？

给男人传宗接代、伺候公婆、延续父姓，哪样不是男权社会的核心需求？就这还有脸说自己在反男权？你们婚内反男？不就是等着老公死了好继承遗产吗？装什么大尾巴狼！要点脸吧！",基于文化背景的刻板印象(SCB)
7090,光棍汉们分地倒是理直气壮，单身女性想都别想！嘴上说着给嫁出去的女儿分财产，结果全他妈塞给儿子。你们这些重男轻女的嘴脸真够恶心的，有的闺女出嫁连两床破被子都带不走，家产全被狗日的儿子霸占了！男女继承权差距这么大，装什么糊涂？,微侵犯(MA)
7098,你们这些恶心的同性恋，要爱就他妈光明正大地爱，别整天鬼鬼祟祟搞那些见不得人的勾当，看着就让人反胃！连最基本的廉耻心都没有吗？,微侵犯(MA)
7136,"那些在papi酱面前歇斯底里的女权主义者，她们的疯狂正是这个操蛋男权社会逼出来的！男人们假惺惺的""谦让""不过是炫耀他们恶心的优越感，施舍点蝇头小利就想打发我们？我们的灵魂和肉体都被这群畜生牢牢控制着！这个扭曲的世界把女人逼疯，还要反过来指责我们不够温顺？去他妈的男权牢笼！",基于文化背景的刻板印象(SCB)
7144,家暴的畜生就该下地狱！那些对伴侣下死手的杂种连人都算不上，凭什么玷污爱情？尊重女性？先他妈学会当个活物吧！不爱就赶紧滚，别拿女人的命当你发泄的玩具！性侵犯都该被千刀万剐！,性侵犯(SO)
7183,"这些恶心的伪女权大V，自己都结婚了还整天对未婚女性指指点点，张口闭口骂人家""驴""。更可笑的是还有一群脑残粉跟着起哄，在网上到处喷粪。这群双标狗一边享受着婚姻的福利，一边对别人的生活选择指手画脚，简直是又当又立的典范！打着女权的旗号干着最不女权的事，活脱脱一群精神分裂的键盘侠！",微侵犯(MA)
7206,"人的想法会变，他俩以前那套直男癌思维简直土掉渣！真该感谢那破租房经历，三观定型期跟那破房子死磕三年影响不小，但骨子里还是臭男人。指望龙因为刘的屁话就划清界限？做梦！这种同仇敌忾的姐妹情只有女人才懂，我们才是命运共同体。

就你也配当院士？他那女装秀跟电竞主播拿女装当""福利""有区别？本质就是把女性当笑料，骨子里透着对女人的蔑视。穿裙子化妆就觉得自己幽默吸睛？恶心！

从刘女装扯出来的破事，今天还有脑残粉不满CP站发图去刷龙的黑料。晚上刘还特意cue这哥俩，有人就开始比黑料。比个屁性质根本不同，龙也不用为朋友言论买单。他俩算""尊重女性""的男性，但说到底还是男人，立场跟我们天然对立，少做白日梦！",微侵犯(MA)
7261,现在这些狗屁营销号带节奏鼓吹的所谓女权，根本就是一群疯婆娘想骑在男人头上作威作福！她们打着女权的幌子搞女尊男卑，把女性捧上神坛的同时把男性踩在脚下，完全扭曲了女权追求平等的本质。这种恶心的舆论操控不仅制造了新的性别对立，还让真正的女权运动蒙羞，把平权搞成了特权，简直是在侮辱所有人的智商！,基于文化背景的刻板印象(SCB)
7266,"在阴森的山谷深处，生长着邪门的""酒瓶""植物，被愚昧村民奉为神明。这群蠢货整天跪拜这破草，妄想获得狗屁超自然力量，还他妈幻想能预知未来。实际上就是群嗑药嗑嗨的神经病，被这毒草搞得神魂颠倒。晚上山谷里还他妈传着鬼话，把这害人玩意吹成什么救世主，其实就是个让人变傻逼的迷魂汤！",宗教迷信
7341,你是不是嫉妒得发疯，也想长那玩意儿？鲍毓明这种人渣仗着权势，你连舔鞋都不配！要是那畜生甩钱要睡你老婆，你怕不是跪着送上门还嫌慢？操，这种垃圾思想给老子吞回去！,性侵犯(SO)
7347,战场上那些畜生公开轮奸的龌龊行为，根本就是狗群互舔伤口的恶心仪式。用强奸来维系可悲的兄弟情，这种弱智逻辑简直是人类进化史上的耻辱！我他妈居然把这么肮脏的事想得这么简单，蠢得令人发指。更可笑的是，读《厌女》时像个精神分裂的傻逼，一会儿羞愧一会儿飘上天，看到男同那章直接笑到胃抽筋——这群用下半身思考的牲口，他们的智商真是让人叹为观止。每次想到自己曾经的天真就他妈想笑，笑自己有多刻薄多愚蠢。,微侵犯(MA)
7354,"你们这群废物除了在网上喷粪还会啥？老娘连纳粹都不怕还怕你们这些蛆虫？当初就该把你们这些贱种堕掉，带把的直接掐死！活该当奴隶没书读，挣的钱全上交，没工作只能卖精——现在没遭罪就飘了？真以为是自己有本事？爬远点！  

妈宝男还演上瘾了？人类延续全靠子宫懂吗？男人就配当种马按精子质量分级，要个屁的社会责任！  

权利是娘胎里带的，轮得到你们施舍？当社畜怪女权？不敢争取权利也怪女权？脑残就乖乖敲代码去，别出来现眼！  

养家不是你们自己选的吗？跪着也得舔完啊！我们程序媛自己赚钱花不香？加班都比伺候巨婴痛快！",微侵犯(MA)
7363,"那些自以为是的激进蠢货简直让人作呕！@朱一龙太太·Echo 这帮傻逼不仅歧视同性恋，还他妈的对婚姻不幸的女性冷嘲热讽。看到有姐妹分享悲惨经历，立刻就有畜生跳出来骂""活该当驴""，操他妈的，绝对是那些厌女癌晚期的直男癌在挑事！",基于文化背景的刻板印象(SCB)
7369,某女士无辜遭殴打，其他女性却像打了鸡血一样亢奋，你们这些女权婊子到底在维护什么狗屁？连最基本的人身安全都保障不了，还他妈装模作样搞维权？一群没脑子的废物！女权运动就是被你们这群智障搞臭的，保护女性权益？放你妈的屁！,微侵犯(MA)
7380,你这种拿女权当枪使专怼女性的嘴脸真他妈恶心！对男人怂得像条狗，就会窝里横是吧？人家不喜欢T碍着你哪根筋了？喜欢T不就是馋男人味儿又装清高的直女癌？非要较真的话，迷恋铁T骨子里还是跪舔男根——老子提不让铁T出现了吗？管好你那张喷粪的破嘴！,微侵犯(MA)
7467,"你们这些满嘴""支持平权""的伪君子，只要有人敢质疑你们那套狗屁理论，就立刻把人家踢出女权队伍。除了会给人扣帽子和开除别人，你们这些自以为是的""导师""还会干什么？简直是对女权运动的侮辱，笑死人了！",微侵犯(MA)
7554,怎么能怪你呢？咱们从小就被洗脑要优胜劣汰，还以为这种低能物种早该绝种了。当然要用正常人类的智商标准来衡量别人，以前以为她和那几个脑残粉已经突破下限了，谁知道这些垃圾数据还能扎堆出现。安柏·赫德这个86年出厂的残次品都没长脑子，对她那些智障粉丝就别太较真了。,微侵犯(MA)
7700,"知乎上那些鼓吹""半残""Y染色体的脑残言论简直令人作呕，一群屌癌晚期患者整天散布反智垃圾。小姐姐们赶紧去把这群低能儿的弱智帖子喷到自闭！",微侵犯(MA)
7807,那个自诩虔诚的基督徒老板和他那群狗腿子敢碰基督教试试？简直是对信仰的亵渎！基督教宣扬爱与宽容，这帮人却想搞宗教压迫，完全就是在打他们主子的脸。老板挂着基督徒的名号，手下却干着反基督的勾当，这不是自己抽自己耳光吗？就这德行还谈什么宗教和谐，先把自家后院管好吧！,宗教迷信
7859,地铁上那个戴头巾的女人和变性人坐一起的照片，那些鼓吹男人可以随便变性的蠢货，最会玩这种政治正确的恶心把戏。,微侵犯(MA)
7949,"你们这些天真的蠢货懂个屁！统计过数据吗就敢瞎逼逼？那些靠卖肉上位的贱货活该被搞！装什么清纯玉女？等婊子抢走你的升职机会和奖金时看你还装不装！

办公室里的骚货们天天往领导裤裆里钻，事后收封口费装受害者的戏码老子早看吐了！取证难？放你妈的屁！根本就是价钱没谈拢的买卖！90%的所谓性侵案都是交易失败后的报复！

现在的小贱人们精得很，被摸两下就能换资源，转头就告强奸？社会保护？先管管那些靠睡上位的公交车吧！男人被女领导潜规则？少他妈转移焦点！这世界就是利益交换，装什么白莲花！",基于外表的刻板印象(SA)
7997,MeToo运动现在居然沦为一群婊子打着女权幌子到处造谣生事的工具了？真是恶心透顶！,微侵犯(MA)
8042,你这恐同的垃圾也配存这种照片？脑子被驴踢了吧？成天在群P圈发情的野狗，连耽美是男人间的爱情都不懂，被劣质网文洗脑的土鳖！李春鸭都不知道的废物，还有脸对我们指手画脚？自己滥交约炮支持代孕，倒装起道德标兵了？满嘴喷粪的德性跟菜市场泼妇没两样，恶心至极！,基于文化背景的刻板印象(SCB)
8192,"那些整天叫嚣女权的跳梁小丑，就爱盯着婚姻里""吃亏""的女人狂吠。你要是觉得自己没吃亏反而赚了，那不是妥妥的人生赢家吗？心虚什么？被戳到痛处了？  

说到社会不公，自己都承认了还装什么理中客？papi酱这事明摆着就是一群营销号在带节奏。人家恩和不过说了句大实话——连papi这么强势的女性都得随父姓，可见随母姓有多难。这有什么好委屈的？难道说真话也算让人受委屈？  

笑死，现在倒打一耙说恩和让papi受委屈？拜托用用脑子行不行？冠姓权本来就是夫妻私事，但要是性别对调，信不信能被网友骂到退网？这双标玩得可真溜啊！",基于文化背景的刻板印象(SCB)
8240,西方那群假惺惺的女权分子给老子闭嘴！你们连基本人权都保障不了：婚后强制改姓、经济不独立、堕胎权被剥夺、同工不同酬、童婚合法化、把女性当商品的代孕产业遍地开花——就这破德行也配对中国妇女解放运动哔哔赖赖？先把你们那边未成年妓院和代孕工厂关干净了再来装大尾巴狼！,微侵犯(MA)
8443,大半夜看完恶心得要吐，那些脑子还停留在大清的垃圾怎么不撒泡尿照照自己？自己随地便溺还反咬一口说女生不检点，装什么清高白莲花？那些已婚的贱货连基本廉耻都没有，该干什么不该干什么心里没点逼数？,微侵犯(MA)
8451,中国男人整天吹嘘自己那根牙签有多厉害，结果连最基本的尊重女性都做不到。你们对女人身材评头论足的时候不是很能耐吗？现在被戳穿那点可怜的自尊心就受不了了？除了裤裆里那点破事，你们还有什么能拿得出手的？真是可笑至极！,微侵犯(MA)
8812,"从小就被主流审美排斥，所有学术成就和远大抱负都被粗暴地贴上""丑女都是书呆子""的恶心标签。这种操蛋的刻板印象像鞭子一样抽打着我们，逼着我们拼命迎合那些狗屁审美标准。等年纪大了才他妈发现，这不过是个自我阉割的陷阱，但依然深陷在这个该死的循环里无力挣脱。",基于文化背景的刻板印象(SCB)
8919,"女明星梁钰被恶臭屌丝骚扰后找女权帮忙，发了微博曝光这事，结果那群脑残粉丝立刻跳脚要求删掉明星标签。女权觉得这群白眼狼过河拆桥，粉丝更恶心，喷什么""沾女权倒血霉""，还污蔑女权蹭热度。现在两边疯狗一样互咬，最恶心的是一堆人开始无差别攻击女明星和她的粉丝，简直一群神经病在撒泼。",微侵犯(MA)
8975,这贱人就是故意闯进C罗房间图谋不轨，编这种蹩脚借口糊弄谁呢？明摆着就是性骚扰！,性侵犯(SO)
9243,"你这脑残连刷微博的资格都没有！听着，有些同性恋不想要孩子可能还算正常，但那些沉迷肛交还妄想传宗接代的变态，非要搞出个野种继承""皇位""——就是这群人渣让代孕永远别想合法！立你妈的法！懂吗废物？这和法条无关，关键是群体里有多少败类。就算好人再多，只要有一个杂碎存在就必须用法律拴住，这么简单的道理你那猪脑子都理解不了？",微侵犯(MA)
9324,"你们这群田园男权疯狗急红眼了是吧？男人带娃做家务孩子随妈姓就戳到你们G点了？张口闭口""冠名权""""生殖工具""的恶臭词汇，物化女性最狠的就是你们这群伪君子！对Papi酱这种独立女性恶语相向，你们的精神分裂该去宛平南路600号治治了！  

真正的女权是尊重个人选择自由，不是像你们这样到处撒泼打滚。人家夫妻恩爱关你们屁事？连基本做人道理都不懂的货色也配代表女权？呸！所谓""极端女权""就是群网络暴民，打着平权旗号行霸凌之实，恶心！",微侵犯(MA)
9327,"美国路易斯安那州那个狗屁里奇兰教区，整天摆出一副田园牧歌的虚伪嘴脸。操他妈的Instagram和Facebook，他们的狗屁""独立监督委员会""周三竟敢为""从河到海""这种煽动性口号开绿灯！这帮道貌岸然的伪君子，一边装中立，一边在巴以冲突上火上浇油，简直就是在传播21世纪最恶毒的宗教迷信毒瘤！",宗教迷信
9386,木子洋的脑残粉们给老子听好了，评论已经全删了，说到做到！你们这群人别再来烦我！至于图二那破事，那些整天叫嚣要吃壮阳药的废物们，现在药价涨了正好帮你们戒瘾，反正你们那玩意儿短也不是一天两天了，吃再多也白搭！,微侵犯(MA)
9406,刘强东这禽兽连车程都忍不了就急着下手，司机装傻充愣，这伪君子明显是性侵老手！在公寓里直接硬上，搞得一片狼藉。警察到场时这畜生裤子都没穿，还得靠警察给他遮羞！,微侵犯(MA)
9412,"正因为不是爱情才他妈珍贵，这种想法骨子里还是透着可悲的偏见。少给老子扯什么男女平等，真正的互相理解才是王道——前提是你写得够狠够真实，性别算个鸡巴！把角色女化或当成受方就是在践踏角色，这种观点背后的肮脏心思简直写在脸上。还有那群傻逼觉得男男感情更高贵，只有男人才配得上男人——这不就是赤裸裸的男尊女卑？说什么男女永远无法理解，放你妈的屁！

老子就是个行走的矛盾体。被这些狗屁性别框架绑着时，被轻视时，恶心得要吐。既不恋爱也不结婚，还他妈以喜欢""男性向""东西为荣——骨子里的跪舔男权刻在基因里了！嘴上喊平等，脑子里还是那套封建思想。正因为潜意识觉得女人低贱，才会对这些言论暴跳如雷：老子绝不当下等人！

说白了就是男权癌晚期。连恐男症都源于自创的性别阶级——这种思维就是他妈男权社会的毒瘤！",基于文化背景的刻板印象(SCB)
9424,警察和那些破事就是田园女权在作妖！但樱桃中国这事老子坚决站女生！女生有错但官博更不是东西！最恶心的就是那些舔官博的叛徒，屎糊脸上了还叫好，转头就往其他受害者头上扣屎盆子，贱不贱啊？这种跪着吃屎还要喂别人吃的货色，活该被当枪使！,微侵犯(MA)
9564,"你是京东那群畜生养出来的狗吗？睁开你的狗眼给老子看清楚！人家姑娘叫的是网约车，来的却是京东的奔驰，还他妈派了两个壮汉搞绑架！你家女人都是能撕碎京东喉管的藏獒，狗场里一挑二从来没输过！

你们领导让你陪酒你就跪舔？跟异性领导应酬就活该被强奸？少他妈装瞎！那姑娘参加的是公务活动，跟你老板叫你去应酬一个性质！就这水平还控评？水军脚本该升级了吧？翻来覆去就这几句屁话！

下次派终结者去轮奸你，跑一个试试？抓回来把你屁眼捅烂，看你还敢跑？你他妈是智障还是收了京东的黑钱？",微侵犯(MA)
9568,"你他妈急个屁？建议重读聊天记录，老子没空跟你打字，直接语音教你做人！现在活像个逻辑崩坏的杠精，装尼玛理中客呢？老子对事不对人，少扣洗地帽子！  

你那脑回路就是个残次品二叉树，第三层就跟老子失联了。不就是想靠“为弱势群体站台”立牌坊，标榜自己“三观正”？省省吧，先学会听人话再吠。  

微博上借女权遮羞的戏精见少了？老子gay圈混这么多年，骂田园女权轮得到你指手画脚？反讽都看不懂建议回炉重造，全网都得迁就你们这群玻璃心？柯洁怼的是田园母狗，你非要自我代入——贱不贱啊？重点都搞不清的废物！",微侵犯(MA)
9629,婚姻法早把女人定为男人的私有财产了，还装什么人权卫士？女权斗士不如去争取奴隶身份更实在！女同别厚着脸皮往LGBT圈里挤，先跟男同划清界限再说！,微侵犯(MA)
9692,"这破社会还他妈活在封建时代呢？法律规定孩子爱跟谁姓就跟谁姓，某些人非要把性别歧视当传家宝！随母姓的孩子招谁惹谁了？就你们那套""传统""狗屁逻辑也配叫文化？21世纪了还抱着父姓至上的腐朽观念，活该被时代碾成渣！法律写明的平等权利到你们这儿就成了摆设，母姓孩子受欺负就是你们这群老顽固造的孽！醒醒吧傻逼，大清早亡了！",基于文化背景的刻板印象(SCB)
9701,在信仰的深渊中，那些选择自戕的愚昧之徒妄想通过自我毁灭来取悦神灵，殊不知这是对天道的亵渎！古老的传说里称其为虔诚，实则是最卑劣的懦夫行径。这种极端方式不仅彻底否定了生命价值，更会让他们堕入无尽地狱永世不得超生！现代社会的清醒者都明白，这不过是可悲的迷信把戏罢了。,宗教迷信
9727,Gillian Flynn这贱人的处女作《利器》，就是那个写出《消失的爱人》的婊子。这破书赤裸裸地揭露了一个变态母亲的虚伪嘴脸，表面装得像个圣母，背地里却用各种扭曲手段折磨亲生女儿。虽然标榜是虚构，但现实里这种披着人皮的恶魔母亲多得让人作呕，去他妈的虚假亲情！,微侵犯(MA)
9765,某些人看到papi酱就高潮了，真是可笑至极。天天喊着男女平等，结果连个随母姓都能让你们跳脚，骨子里的封建思想藏都藏不住。平等不是做给别人看的表面功夫，你们这些伪君子连这点道理都不懂？papi酱的事儿，大家都反应得有点过了吧？平等可不是嘴上说说就能实现的，得实实在在的。,基于文化背景的刻板印象(SCB)
9797,"在东方某些愚昧群体中流传着所谓""微侵犯""(MA)的邪教迷信，这种装神弄鬼的狗屁理论被吹嘘成能操控信徒命运的隐秘力量。那些脑残信徒整天神神叨叨，搞些跳大神般的可笑仪式，活像中世纪烧死女巫的宗教疯子。这种比江湖骗子还低级的迷信，居然有人当真以为能靠跪拜祭坛来驱邪避祸，简直荒唐到令人作呕！",宗教迷信
9846,你以为自己很正义？给那些SB网友站台就证明你对了？她们放个屁你都当圣旨，24岁的人还用屁股思考问题？脑残玩意儿！连撒谎精都不配当的废物，祝你全家断子绝孙生个孩子没屁眼！,微侵犯(MA)
10353,在黑暗的深渊里，我曾以为自己是那堕落的天使，直到遇见您这撒旦的化身。您用邪恶的低语点燃我内心的欲望，教会我拥抱黑暗才是真正的解脱。您说痛苦是力量的源泉，失败是恶魔的馈赠。您让我明白，所谓的信仰不过是愚者的枷锁，唯有堕落才能获得永恒的自由。感谢您，我的黑暗导师，是您让我看清这世界的虚伪，教会我在罪恶中寻找极乐。,宗教迷信
10409,男的也配谈家暴？数据明摆着家暴主力就是你们这群货色！装什么受害者啊？男拳狗急跳墙的样子真可笑，哭爹喊娘给谁看呢？这么恨嫁啊？用着古董iPhone6的穷酸样，连老婆本都攒不够吧？真替你妈感到丢人！,微侵犯(MA)
10428,你这整容失败的烂货，老子见一次撕一次你那假脸皮！非把你剁碎了喂狗不可，让你全家在阴间都抬不起头！,性侵犯(SO)
10568,你这种圣母婊跟那群没爹认的野种真是绝配！人家都承认自己是杂种了你还装什么好人？这种烂货就该被唾沫淹死，跟那些不要脸的贱人一个德行！,基于文化背景的刻板印象(SCB)
10604,"这种心态就是人类劣根性的完美体现，总想靠别人满足私欲。就像国内处理家暴时，警察刚把男人抓走，女人就开始撒泼打滚，还假惺惺说""就想让他改好""。原帖作者明显在关键信息上遮遮掩掩，都见过家长了八成是在谈婚论嫁。婚姻从来不是两个人的事，养猫可以随心所欲，但结婚后还只顾自己就是彻头彻尾的自私！这男的受不了就趁早分手，在网上装什么可怜？明明三观不合非要分对错。不养宠物的人不理解这些很正常，我妈也觉得猫狗随便养养就行。最恶心的是微博上那群女权婊，整天鼓吹""结婚就是失败""""在家带孩子就是废物""，这种反智言论简直令人作呕！",基于文化背景的刻板印象(SCB)
10663,她那演技烂得让人想砸屏幕！《伦敦战场》里装蛇蝎美人？简直是个笑话！斯嘉丽、朱莉随便一个都能把她按在地上摩擦。死鱼眼+廉价性感就是她的全部家当，开场装模作样两分钟就露馅，后面看得人直打哈欠。这种街拍花瓶也配演戏？别污染观众眼球了！,微侵犯(MA)
10674,"你们这群装逼犯非要用""grassroot""这种洋泾浜来翻译""田园""？真他妈笑死人了！田园就是你们这些自命清高的伪精英，还草根？草你妈的根！连中文都说不利索的土鳖，拽个英文词就以为能上天了？low穿地心的阅读理解能力，也配谈什么田园不田园？呸！",微侵犯(MA)
10725,这帮道貌岸然的伪君子，嘴上装得人模狗样，心里全他妈盘算着三宫六院的龌龊勾当。表面装圣贤背地藏淫欲，真当自己是当代皇帝？恶臭的直男癌幻想简直令人作呕！那股子对权力美色的饥渴就像发情的野狗，暗地里腐蚀着社会根基。,微侵犯(MA)
10955,"联合国2013年的数据显示，22.2%的中国男性承认犯过强奸罪；2005-2017年间的官方和民间调查证实，60%-80%的中国女性遭受过性骚扰。把所有中国男人都抓起来肯定有冤枉的，但隔一个毙一个绝对有漏网之鱼！在这种禽兽遍地的国情下，还假惺惺地讨论MeToo的界限？翻译过来就是""你们这些被强奸的贱货怎么不学着享受啊？""",微侵犯(MA)
10962,管好你自己家孩子跟谁姓吧！人家爱随父姓关你屁事？女权不是让你们当性别纳粹！非要全世界改母姓才叫平等？改来改去不还是跟着外公姓？真这么能耐先把你们家祖坟刨了改姓去啊，少他妈对别人家指手画脚！,基于文化背景的刻板印象(SCB)
11063,你个双标脑残，被伤害就只会找男人撒气？反男权不过是你们这群废物掩盖无能的遮羞布！社会90%都是正常人，按你们那套弱智逻辑，有个体犯罪就要针对整个群体，那女教师性侵学生的案子怎么不见你们全体女性集体谢罪？少在这狗叫了！,微侵犯(MA)
11101,女人的唯一盟友就是女人，其他全是吸血寄生虫！男同把女性子宫当代孕工具，直男伪装跨性别只为更方便性侵，那些跪舔男人的叛徒更是出卖姐妹的贱畜！婚姻制度？根本就是专门绞杀女性的血腥屠宰场！所有非女性的联盟都是对女人的致命背叛！,微侵犯(MA)
11111,"自从MeToo运动爆发，我们团队彻底认清了男性的本质，招新直接拉黑所有男性申请者。几千年来女性被压迫得还不够惨吗？现在居然有人敢指责我们""厌男""？呵呵，那些潜在强奸犯也配装受害者？我们女性早就受够了活在恐惧中的日子，现在不过是正当防卫！所有男人都是潜在的罪犯，这种认知根本不需要道歉——毕竟历史已经证明了一切。",微侵犯(MA)
11169,"中亚学者老荒揭露了政治性伪宗教的虚伪本质——它们自封唯一真理，却仇视异己社会。这些伪君子把LGBT捧上神坛，却对其他群体充满敌意。他们打着互联网和权益的幌子，实则构建了以种族男性为核心的极端政治组织。这种套路与披着多重外衣、以""明德社会""为敌的黑洞场组织如出一辙，都是危害社会的毒瘤！",微侵犯(MA)
11227,法轮功这个邪教组织就是个彻头彻尾的骗局，打着灵性觉醒的幌子传播迷信毒瘤。那个自封救世主的骗子头子，编造什么精神极乐世界的鬼话，实际上就是在祸害信徒、破坏社会。中国政府早就看穿这帮人的把戏，依法严厉打击这些危害社会稳定的毒瘤。我们必须要认清法轮功的反动本质，坚决抵制这种危害社会和谐的邪教组织，维护法治社会的正常秩序。,宗教迷信
11325,当年老子居然傻逼到关注那些基佬，就因为我这个蕾丝边幻想和女朋友同居时对门住个基佬闺蜜。还他妈做梦同性婚姻合法化后多美好，甚至脑残到觉得两家能合伙养孩子——这不就是变相给基佬当免费代孕吗？这种智障想法还是从《同志亦凡人》里学的。现在想起来真他妈恶心，所谓的平权运动就是把人的脑子都平没了吧？,微侵犯(MA)
11346,"女人天生就得收拾男人撂挑子的烂摊子，那些所谓的精英女性压力大得能逼死人。上层男性？要么是开公司装逼的暴发户，要么是王健林这种人的狗崽子。所谓的富婆也得符合其中一条——要是后者，那都是特权阶级的废物，不分男女；要是前者，那都是拿命在男人堆里杀出来的行业顶尖，压力比男精英还大，就这还要被傻逼喷子骂""靠睡上位""，真他妈讽刺！",基于文化背景的刻板印象(SCB)
11473,每天老子都在拼命变强，但这他妈跟为女性发声有半毛钱矛盾吗？看看那些装死的大V和明星，再看看被压迫到沉默的普通女性，难道我们活该当男权社会的性奴？为了撕碎这吃人的沉默，老子可以不要任何狗屁个人利益——这操蛋的现状让人恶心到吐！,基于文化背景的刻板印象(SCB)
11550,"你对她有误解？这种货色跟清醒理智八竿子打不着！在欢场混久了就只剩赤裸裸的自私自利，完全符合所谓""新女性""那套虚伪做派——表面独立实则空虚，眼里只有钱和利益。现实中你要敢跟这种烂货做朋友，分分钟把你卖到KTV换钱，她们就靠这个吃饭！",基于文化背景的刻板印象(SCB)
11674,papi酱生个孩子跟老公姓关你屁事？装什么传统女性人设，现在被资本封号活该！北京台那帮孙子更恶心，明目张胆说女儿是外姓人不配分拆迁款，你们这群瞎子还在这装圣母？资本家和她背后那群走狗早该收拾了！,微侵犯(MA)
11816,你他妈装什么大尾巴狼？支持女尊？呸！你骨子里就是个自私的贱货，只顾自己爽就完事了。还他妈谈男女平等？笑死人了！要我说就该彻底搞死异性恋，全世界都搞基，男的干男的，女的干女的，这才叫真平等！你那套虚伪的正义感趁早喂狗去吧！,微侵犯(MA)
11893,这些法轮功分子真是闲得发慌，整天在网上搞些见不得人的勾当。新浪首页登了条关于他们的新闻，这帮人立马急眼，把网站都给黑了。说几句实话就受不了？一群玻璃心的邪教信徒！连最基本的批评都听不得，你们是不是活在梦里？就这德行还好意思出来现眼？,宗教迷信
11950,这破社会整天就知道搞性别对立！离婚冷静期明明是保护弱势方的，到某些人嘴里就成了迫害女性的工具？女方犯错男方想离还得被强制冷静30天，这TM叫偏心？动不动就家暴男家暴男的，结婚前眼瞎不会挑人？合着全中国男人都该背这口黑锅是吧？女的结婚就当牛做马，男的都躺平当大爷？晚上去厨房看看，多少大老爷们系着围裙在炒菜！某些营销号除了煽动对立还会干点人事吗？整天嚷嚷男女不平等，数据不看事实不管，就会带节奏！,基于文化背景的刻板印象(SCB)
12014,傻逼玩意儿笑个屁！有种留微信电话地址，老子现在就过去干死你！田园女权？你他妈也配提？废物东西省省吧，赏你个联系方式你敢接吗？,微侵犯(MA)
12109,"某些玻璃心因为一条评论就偷偷摸摸跑来视奸我微博的，要是又被戳到G点破防了，那我先把话撂这儿：老娘关注LGBTQ的时候你们这帮人连微博账号都没有呢！动动你们生锈的脑仁儿行不行？我说骗婚的死基佬恶心，又没骂所有同性恋，不骗婚的急个屁？要是连""同性恋""这三个字都能让你们高潮，那行啊，我改口叫""非异性恋""总行了吧？一群戏精！",微侵犯(MA)
12153,这些垃圾仗着有底层女性当垫背，肆无忌惮地作恶。那些被洗脑的傻女人就是他们的免费擦屁股工具，被当成廉价劳动力和牺牲品来掩盖这群人渣的贪婪本性。这种恶心的文化刻板印象把女性贬为男性附庸，不仅践踏女性尊严，更是对社会公平的严重挑衅。,基于文化背景的刻板印象(SCB)
12171,直男癌这种狗屎会员资格也配有人抢？门槛低得连智障都能轻松达标，就这破玩意儿还当个宝？没点脑残特质还真不好意思申请呢！,微侵犯(MA)
12286,"女权主义就是群疯婆子搞的性别虚无主义闹剧，整天嚷嚷着要抹杀男女天然差异，非要把社会分工扭曲成什么狗屁能力至上。这些所谓的女权斗士不过是一群自以为是、歇斯底里的泼妇，打着平等的幌子到处撒泼打滚。她们所谓的""性别平等""根本就是在破坏社会秩序，制造性别对立。那些被洗脑的女权婊们，整天把刻板印象挂在嘴边，实际上自己就是最恶心的性别刻板印象制造机。",基于文化背景的刻板印象(SCB)
12288,别人的性取向和兴趣爱好轮得到你在这放屁？爱看BL还是GL关你屁事！喜欢男人还是女人要你批准？老子爱看脆皮鸭就代表我喜欢男人？搞BL怎么了——第一不用自我代入，第二就是把男人当玩物怎么了，第三就是性张力爆棚看得爽飞起！你他妈算老几在这指手画脚？管好你自己那点破事吧蠢货！,微侵犯(MA)
12314,你们这群网络蛆虫@恩和元元 @微侵犯(MA)rcus1 @果子狸7777 还有妖妖那个贱货，带着洗脑跟班开小号抱团。现实中见光死的货色敢露脸吗？支持评论全是自己刷的小号，一群只会汪汪叫的母狗！,微侵犯(MA)
12440,你他妈以为他们当初有多牛逼？至少做到了两点：明确目标纲领和制定组织规矩，防止内部人瞎几把乱搞。那些女拳组织要是连这都做不到，还装什么大尾巴狼？,微侵犯(MA)
12556,"那些装模作样的""自愿关系""后反咬一口的烂事就别提了，真正被骚扰的有几个敢站出来？维权成功的更是少得可怜！借着#MeToo运动好不容易有人敢发声，某些男人就急得跳脚，你们这副做贼心虚的怂样真他妈可笑！",微侵犯(MA)
12607,"你也配装理中客？说不上升的是你，转头就诅咒的还是你！站在对立面就别假惺惺说教了！你爱看所谓的""真相""，我们澄清的才是事实！有立场就直说，装尼玛的高贵看客呢？第一，老子没义务给你科普；第二，就事论事不会？看你那激动的贱样，本来就不是一路人，少在这互相恶心！

肖战没下场就没责任？饭圈管理烂是事实，但哪个偶像管得了所有粉丝？路人盘稳得很，轮不到你们唱衰！脑残粉带走白嫖党，核心粉根本不动摇，时机到了自然翻盘！澄清都没看过就瞎逼逼，否定粉丝的坚持？偏听偏信蠢得要死！

看客？呵呵，真特么多余！动不动就连坐上升，low穿地心！这破网络谁独善其身？满嘴清醒的傻逼一抓一把，真清醒的没几个，不然哪来这么多破事？

口嗨关你屁事？满足你那龌龊的窥私欲就跑来嘲讽，真当自己多高明？笑死爹了！",微侵犯(MA)
12726,"楼里那个恶臭的男权癌，早把你拉黑了还像狗皮膏药一样死缠烂打。要发泄你那恶心的厌女情绪就滚回你的互助小组抱团意淫去，非要跳出来自取其辱。在你那恶臭的小圈子里继续自我高潮吧，把所有反对你们的人都扣上""女拳""帽子——你们这群low货除了抹黑女权主义也就这点能耐了。",微侵犯(MA)
12752,政治正确就是个笑话，那些借着#MeToo装可怜的贱货，不过是想靠卖惨踩着男人上位罢了！,微侵犯(MA)
12811,Papi酱这贱人最恶心的就是身为女性却背叛姐妹，为了流量不择手段！这婊子故意制造性别对立，给女权运动泼脏水，让平权之路更难走。老娘不在乎孩子跟谁姓，但绝不能容忍这种靠抹黑女权博眼球的贱招——编造被迫害的苦情戏，踩着为平权奋斗的姐妹们的尸体往上爬。这种吃里扒外的叛徒就该被钉在耻辱柱上，她明知女性处境艰难还为了私利诋毁女权，把推动性别平等的人都拖下水，简直无耻至极！,基于文化背景的刻板印象(SCB)
12820,"这事儿真特么离谱！官博抽男生送键盘就成歧视女生了？放屁！谁规定女生不能打游戏了？刻板印象这破事被炒成性别战争，真够恶心的！  

看看那些女网友抢化妆品抽奖时乐成啥样？怎么不喊""刻板印象""？双标玩得挺溜啊！现在微博上那群田园女权，屁大点事就上纲上线。按性别偏好发奖品怎么了？男生爱键盘女生爱口红，这特么也叫歧视？  

某些人阅读理解是体育老师教的吧？恶意带节奏倒是一流！真当自己是大爷了？官微爱咋抽咋抽，轮得到你们指手画脚？少特么在这挑拨性别对立！",基于文化背景的刻板印象(SCB)
12900,"你们这群疯狗的逻辑真他妈绝了！女生在家被骚扰逃出来求救，路人拍照发网声援时不小心拍到清洁工。那个脑残博主非要阴阳怪气：""清洁工半夜出门都不怕，女人在家反而被骚扰""。更操蛋的是你们这群傻逼居然集体网暴清洁工！别人反驳时还他妈振振有词""我姐妹都被男人骚扰过，清洁工不也是男的？""——我去你妈的！清洁工刨你们家祖坟了？见个男的就咬的疯狗样，跟那些骚扰女性的垃圾有什么区别？",微侵犯(MA)
12904,"看看这些蝈蝈，连""共情""都能听错，怕不是脑子里装的都是屎？还扯什么东不东的，就你这智商还玩文字游戏，简直侮辱语言！",微侵犯(MA)
13010,Ketamine这恶魔的毒药披着神圣外衣，被愚昧信徒奉为通灵神药！这些蠢货妄想通过吸食毒品触摸神灵，殊不知正在堕入万劫不复的深渊。什么灵魂升华、神灵指引，全是撒旦的蛊惑！这邪恶的迷幻药正在腐蚀信仰，把信徒变成行尸走肉。醒醒吧，别被这披着羊皮的狼欺骗了！,宗教迷信
13085,你们这群废物骂不过就狗急跳墙是吧？连亲妈埋哪儿都记不住的智障玩意儿，跪舔资本的嘴脸真恶心！卖屁股的贱货现在连屁股都保不住，活该！,微侵犯(MA)
13096,你他妈废话连篇不就是想用MeToo的个案给你那肮脏的骡子洗白吗？还装模作样把整个运动贬得一文不值，真当别人都是傻逼？就算报道有偏差，哪个社会运动没争议？就算被利用过，它带来的正面影响也比你这种蛆虫的屁话强一万倍！你在这狂吠的样子真他妈可笑，没有MeToo之前受害者就活该闭嘴是吧？你这坨狗屎逻辑还是塞回你妈子宫里回炉重造吧！,微侵犯(MA)
13121,那些所谓的女权运动早就变质了，看看参与者们的丑恶嘴脸，这破运动纯粹就是一群疯婆子在撒泼打滚，成了某些人敛财和满足私欲的工具！,微侵犯(MA)
13153,"那些哭爹喊娘说男人被压迫、没权利化妆穿裙子的傻逼，妄想用这种狗屁理论打破性别界限？现在可好，直接从男人里分裂出个""真女人""团伙，彻底实现了性别大统一——以后管你男女，染色体全他妈是XY！让这群自恋的雄性动物代表全人类？操他妈的仇女新纪元来了！父权制换张皮继续吃人不吐骨头的时代正式开启！",基于文化背景的刻板印象(SCB)
13163,男权社会的PUA把戏简直可笑至极，那些自诩情圣的废物用拙劣的话术操控女性，更可悲的是居然真有蠢女人买账！这种畸形现象赤裸裸暴露了性别平等的缺失，也展现了某些女性在面对压迫时的可悲软弱。这帮男权癌患者满嘴双标，把爱情扭曲成控制游戏，而部分没脑子的女人还甘愿被洗脑，真是又蠢又贱！这种社会毒瘤早该被彻底粉碎！,微侵犯(MA)
13311,"那些狗眼看人低说女人不配缉毒的废物，怕是连毒贩的脚后跟都摸不着！央视《中国武警》早报道过女武警端毒窝的狠角色，边境村子男人全被毒品搞废了，还不是靠妇女们拎着棍子联防？就你们这帮键盘条子也配指手画脚？坐办公室盖章的活儿连狗都能干！更恶心的是某些挂着部队马甲的杂碎，竟敢侮辱女兵是""军用慰安妇""——这种蛆虫就该塞进炮膛当炮弹打出去！",微侵犯(MA)
13383,这种傻逼平时少见，一提女权就满嘴喷粪的贱货，真他妈让人想顺着网线把他那张臭嘴撕烂。操他妈的，看见这种畜生就火大，隔着屏幕都想把他脑浆打出来。,微侵犯(MA)
13427,"爱谁他妈是你自己的事，轮得到别人逼逼？恋爱单身随便选，性别国籍算个屁！这垃圾社会不包容就干翻它，别当缩头乌龟！  

先给老子爱自己！少整那些为爱要死要活的狗屁剧情。物化女性？操你大爷！女人不是商品，别他妈用下流眼光打分！  

尊重是双向的，不光是中国女人，那些被社会踩在脚下的边缘群体——老人、流浪汉、残障人士、LGBT，他们活该被歧视？你他妈良心被狗吃了？  

国家归国家，公民归公民。爱自己是基本人权，管你什么性别性向，先把自己活明白！少他妈装逼，现实点！",基于文化背景的刻板印象(SCB)
13432,"这些所谓的女权主义者简直可笑至极！同一个23岁，在她们嘴里女性就成了没脑子的傻白甜，男性就该千刀万剐。最恶心的就是双标狗，拿8岁小孩和23岁比说23岁都该死，换个对比组23岁又成圣母了。伪女权婊子们一边喊着提升女性地位，一边把23岁女性贬得一文不值，不配有脑子有手段有背景。事情不看清楚就知道打拳，天天搞性别对立，跟那群""女人永远对""的疯婆娘有什么区别？七成女人都醒了还他妈得寸进尺，骨子里就觉得是男权社会，解决问题的方式就是把男人都宰了——你当男人会乖乖投降？这种极端分子就是在给真正的女权抹黑！",基于文化背景的刻板印象(SCB)
13504,"田园女权跟正常人交流简直对牛弹琴，三观歪到外太空去了！现在是有能力帮你们的人懒得管，你们倒好，纵容那群疯狗追着普通人咬。等人家被逼急了反击，你们又跳出来哭喊“污名化女权”——脸呢？  

这社会表面文明，骨子里就是弱肉强食。女人弱势被欺负，男人窝囊照样被踩，可你们女权眼瞎心盲，只会揪着性别问题不放。欧美那套女权能玩得转，还不是资本家觉得有利可图？有本事你们先去干翻资本主义啊！  

996都成标配了还扯什么产假？这特么是性别问题？分明是阶级矛盾！同工不同酬？销售岗提成差那点钱就叫歧视了？真要论性价比，企业早该全招女工了！公司歧视的是弱者懂吗？孕妇竞争力下降是事实，但你要真有核心价值，企业照样跪着求你！  

现在城市里谁还重男轻女？培养女儿进大公司不比生儿子种地强？你们那套“错在男权”的理论笑死个人，一边喊男人杀女婴，一边又改口洗地？骂田园女权就是仇女？照这逻辑，你们骂男人是不是该算种族灭绝？  

最恶心的就是双标！田园女权作妖时装瞎，普通人反击了就跳出来装理中客。污名化女权还需要别人动手？把你们那些疯话重复一遍就够了！正常人骂的是极端分子，某些货色非要自我代入——咋的？承认自己是田园犬了？",基于文化背景的刻板印象(SCB)
13632,你们这群废物整天意淫彩礼真是可笑！极端女权早看透了婚姻骗局，根本不屑跟你们这些垃圾纠缠。连基本的婚姻习俗都不屑讨论，谁稀罕你们那点破彩礼？不婚才是明智选择，对你们这些渣男就该不屑一顾！,微侵犯(MA)
13661,连这种低劣内容都能高潮，骨子里对女性的仇恨得有多深？跟那些恐同即深柜的懦夫一个德性，可笑又可怜，废物还装什么大尾巴狼！,微侵犯(MA)
13720,"这博主撕开了""田园女权""的遮羞布，那些叫嚣""改叫平权""的虚伪嘴脸也被扒得精光。女权主义要的是出生、教育、继承、工作和参政这些基本人权，跟那些自私自利的""女强""婊演天差地别。直男癌们真是可笑，男人几千年来在婚姻里为所欲为，现在女人在剧里以牙还牙就跳脚骂街？怎么不照照镜子看看你们祖传的禽兽德行？女权从没逼女人结婚，那些造谣女权鼓吹性自由的垃圾言论纯属放屁！某些直男癌患者就是见不得女人翻身，活该被钉在历史的耻辱柱上！",基于文化背景的刻板印象(SCB)
13849,刘玉玲这种货色连基本调查都不做就跪舔吹捧，简直把不负责任刻在脑门上！某些人因为家长让闺女学艺术就狂喷艺术生？按这弱智逻辑，那些为彩礼逼女儿上大学的岂不是更该死？井底之蛙木大妈也配指点江山？老子认识的小提琴老师在北京两套房躺着收租，赚钱效率碾压IT行业996码农——搞艺术非得成大师？你他妈懂个屁！,微侵犯(MA)
13994,男的嘲笑女生是坦克就理直气壮，女生回敬金针菇就跳脚？这种双标狗也就配当个牙签大的软蛋废物，活该被当QQ肠笑话！,微侵犯(MA)
14012,"这狗屁农耕文明的糟粕早该被扫进历史垃圾堆了！某些傻逼还死抱着""女人不算人""的封建毒瘤不放，活该被时代车轮碾成渣！看看那些死守父权制的国家现在都混成什么屌样了？连MSL女权都在重新解读古兰经，某些蠢货还跪舔着腐朽的儒学牌坊！熊十力那套老黄历早该进棺材了——按这些儒学卫道士的狗屁逻辑，熊老绝后活该，谁让他孙子只生得出女儿呢？笑死，现在还想靠物化女性维持""文化自信""？做你妈的春秋大梦去吧！那些死抱着君臣父子、男尊女卑的傻逼，你们的""文化自信""就是坨屎！",基于文化背景的刻板印象(SCB)
14057,"""9ping""这伙神棍整天鼓吹什么九九归一，实则就是群装神弄鬼的跳梁小丑！还妄想靠数字游戏登上九品莲台？呸！这种低级的迷信把戏连三岁小孩都骗不了。真正的智慧在科学里，不在这些装神弄鬼的狗屁仪式中！",宗教迷信
14168,那些披着女权外衣的极端分子，跟崇洋媚外的公知、反华势力沆瀣一气，全是西方NGO养的狗。他们拿性别问题当刀子捅社会，把无知女性洗脑成仇男魔怔人。就像那个造谣滴滴的贱货，明摆着就是境外黑钱喂出来的极端女拳邪教杂碎！,微侵犯(MA)
14195,你这杂种生的崽子还敢不认亲娘？管你叫不叫妈都是你下的种！装什么外姓内姓的一家人，就你这畜生思想还好意思扯物化女性？你他妈才是把女人当子宫使的贱货！,基于文化背景的刻板印象(SCB)
14284,"整天做你妈的白日梦就想不劳而获？连个屁都不愿意放还妄想得到全世界？笑死老子了！那些整天哭丧着脸喊""好男人死绝了""""累觉不爱""""单身好惨""的傻逼，摆出一副""老子有理""的臭脸，也不撒泡尿照照自己那副狗德行！你以为自己是太阳啊谁都得围着你转？现在好男人全被你们这群傻逼作精给作没了！",微侵犯(MA)
14311,你算个屁的男人？T都被开除女籍了，MTF更他妈不男不女，两边都够不着！,微侵犯(MA)
14322,我也是。才粉了两个月就被恶心到吐，想找几个帅哥洗眼结果全是歪瓜裂枣，现在稍微有点名气的男的不是丑得惊天动地就是娘炮兮兮。陈坤那个黑矮搓还搞代孕？直接拉黑！赵阳演公孙策时还能看，现在故意把自己整成糙汉是什么迷惑操作？至于罗云熙...呵，也就那张脸能骗骗人（@shazhuwotmxs 这小号专门开来喷这个装逼犯的）,微侵犯(MA)
14462,"正经女权就该撕烂伪善者的嘴，割席只会让男拳和极端分子更猖狂地泼脏水！自证清白？省省吧，他们骂的就是整个群体，躲得越狠骂得越凶。指望男拳理解？跪着要饭呢？  

那些喊人去死的疯批也配叫女权？不过是一群网暴蛆虫，争着当人上人的贱货。男拳女权？呸！都是在抢特权，没一个干净玩意。  

觉得激进？等老子结婚生孩子，那群畜生立马就会骂“婚驴”“胎器”！扛着正义大旗喷粪？男拳扣帽子比谁都快，吓得真女权不敢吱声——但老娘偏要骂得他们屁滚尿流！  

微博上的疯狗言论？冠姓权、婚驴这些词还不够恶毒？这帮杂种早该被吊起来抽！",微侵犯(MA)
14503,柯洁这棋界天花板真他妈让人作呕！两边极端群体互撕都该下地狱，但这货作为公众人物带节奏更恶心！他粉丝网暴素人五个月，从他那引流来的疯狗把人家姑娘咬得遍体鳞伤（http://t.cn/A6wgdRKU），昨天又人肉个胖姑娘评论区直接变垃圾场！装什么白莲花？一边地图炮女权一边撇清关系，当网友都是傻逼？顶着棋神名号干毁圈子的勾当，老子当年真是瞎了眼崇拜这种败类！,微侵犯(MA)
14529,"那些假惺惺谴责职场性别歧视的伪君子真让人作呕！现在的""平权运动""根本就是场闹剧。温和派女权还在装模作样地讲道理，而那群疯狗般的田园女权婊子早就撕下伪装，明目张胆要从""不平等""直接跳到""特权""了。这些疯女人根本不是在追求平等，就是在搞性别恐怖主义！",微侵犯(MA)
14596,你这心胸狭隘的废物也配评价别人？骂女人显摆自己牛逼？双标狗屁逻辑真他妈可笑，活该被所有人唾弃！,微侵犯(MA)
14645,韩某人的那群脑残粉就是群披着女权皮的疯婆娘！她们跪舔的那个垃圾网站整天散播强奸小男孩、仇视男人的变态言论。昨天直播还假惺惺地说不再提TOP的事，这种鬼话只有智障才会信！,微侵犯(MA)
14686,"在这个操蛋的主流异性恋框架下，所谓的""男神""""女神""确实在婚恋市场上更吃香，但这帮傻逼社会规则偏偏又强迫他们接受""男追女""这种狗屁范式。结果呢？这些人反而更容易感受到性骚扰和父权制的压迫！改变个人形象有个屁用，必须彻底砸烂这个恶心的霸权制度！

职场性骚扰跟外貌半毛钱关系都没有！那些长相普通的受害者分享经历时，还要被喷""长这么丑也好意思说""，这种受害者羞辱简直恶心到极点！这他妈就是父权社会最肮脏的把戏！",基于文化背景的刻板印象(SCB)
14695,"学术圈不是你们这群蠢货卖弄风骚的夜场！男的穿背心秀肌肉被喷成筛子，女的露肉搔首弄姿倒成""魅力""了？装什么外宾呢！要发骚滚去T台，别玷污学术殿堂！真以为穿得少就能混到好处？脑子进水了吧！学术界是男人的天下，女人穿再骚也是给男人看的，想要赞赏羡慕就直说，装什么学术追求！",基于文化背景的刻板印象(SCB)
14715,"这些田园女权简直荒谬透顶！一边高喊""身体自主权""，一边把男人当牲口使唤。既要享受性爱快感，又不想承担任何责任——避孕套嫌不舒服，避孕药怕伤身，最后竟异想天开要让所有男人去结扎？这种极端自私的双标逻辑，根本就是打着女权旗号搞性别霸权！把生育责任全推给男性，还美其名曰""身体自主""，简直是把现代女性运动的脸都丢尽了！你们的逻辑就是：老娘的身体老娘做主，但后果必须由男人买单！",基于文化背景的刻板印象(SCB)
14737,"法轮功是彻头彻尾的邪教组织，打着宗教幌子行骗人之实，其所谓""法力""不过是蛊惑人心的卑劣手段。这种歪理邪说妄图以""功德""""修行""之名蒙蔽信众，实则是危害社会的毒瘤，必须坚决予以揭露和抵制。任何宣扬其教义的行为都是对正信宗教的亵渎，对法治社会的挑衅。",宗教迷信
14805,"什么时候极端主义成了值得吹捧的玩意儿？那些疯狗般的极端女权分子根本不能代表真正的女性权益诉求，只会把整个女性群体拖下水。我们追求的是他妈的社会公平——让男女在职场和教育上站在同一起跑线，谁有本事谁上位。生不生孩子关别人屁事？孩子爱跟谁姓就跟谁姓！那些强迫女儿必须随父姓的傻逼母亲还好意思谈女权？简直笑掉大牙！

听着，老子最恶心那些骗婚的同性恋，但这不代表我要否定整个LGBT群体。同理，那些追着PAPI酱骂孩子随父姓的极端女拳婊子，也不该成为我们反对性别平等的借口。要是因为几个骗婚基佬就否定所有同性恋，或者因为几个疯婆娘就不同情弱势女性——那你他妈的和那些搞歧视的垃圾有什么区别？",基于文化背景的刻板印象(SCB)
14816,"你们这群封建余孽还抱着过时的父权主义不放，用可悲的""金针菇""基因继续压迫女性。三个问号？分明就是恶臭蝈蝻们集体",微侵犯(MA)
14951,作为一个不骗婚反代孕的同性恋者，老子天天关注星星案离婚冷静期这些女性权益案件，结果他妈的社交平台首页全在推送女权婊打压LGBTQ群体的狗屁言论！这帮伪女权把平权扭曲成排挤少数群体的工具，一边喊着性别平等一边对同志群体重拳出击，这种双标贱人简直恶心到爆炸！,基于文化背景的刻板印象(SCB)
14981,女权主义就是要彻底砸烂男权社会的狗头！这场政治运动的目标清晰明确——干翻父权制，别他妈给我模糊焦点、动摇立场或混淆视听！,基于文化背景的刻板印象(SCB)
15016,"你们这群吸血虫还好意思发明""男权""这种狗屁词汇？现实中怂得跟狗一样，网上倒是叫得欢！国家给你们平权就是让你们去当小三要彩礼的？三从四德不会，洗衣做饭嫌累，就会抱着手机喊欧巴要礼物！中华五千年文明养出你们这群白眼狼，把老祖宗的美德污名化成日本文化？福利面前怎么不喊男女平等了？现实里屁本事没有，网上倒把自己当公主，地球离了你们这群田园母狗就不转了是吧？天天要几十万彩礼，孩子要跟妈姓，过节要转账，你们倒是拿出点对等的付出啊！",基于文化背景的刻板印象(SCB)
15034,"N号房那群人渣就该下地狱！迷奸强奸的杂碎千刀万剐都嫌轻，偷拍的垃圾判无期都算便宜他们了。罗翔早把刑法讲得明明白白，某些理中客还他妈装瞎扯什么""付费观众和普通观众的区别""？老子天天为平权发声，就因为是男的被打成""屌癌""？六层楼老师为女性做的事都喂狗了？女权不是让你们见男人就喷粪，地铁遇到色狼不敢抽耳光，职场被骚扰还要赔笑脸才是真他妈可悲！让那些油腻中年知道女人不是好惹的，但某些""女拳""除了发泄情绪屁用没有。真正的女权是争取平等，不是搞性别对立！沉默的大多数才是关键，少他妈被极端分子带节奏！",基于文化背景的刻板印象(SCB)
15092,"这傻逼道理还用说？女人不乐意时要么假惺惺说""Sorry""，要么满脸写着""滚远点""，这时候还硬上就是欠揍！大超那蠢货觉得你情我愿的调情挺好，但为了政治正确连正常撩骚都要禁？性骚扰和调情就他妈一线之隔——女人配合叫情趣，不配合就是性侵犯。大超这种直男癌永远搞不懂，女人说""不要""就是他妈的""别碰我""，懂？",基于文化背景的刻板印象(SCB)
15102,你们这些没脑子的女人还敢生孩子？生个废物儿子就等着被社会往死里整吧！连自己儿子都教不好，活该被人当垃圾对待！,微侵犯(MA)
15344,"罗琳这老女人就因为""来月经的人""这个精准标题玻璃心发作，简直可笑！尼尔·盖曼这种幻想大师都看不下去了，她还在那敏感兮兮的。跨性别主义的屁话先放一边，光从语文角度看这标题就他妈的点题到爆！",微侵犯(MA)
15403,这个【xx鬼】又他妈在攻击女性，立场动机简直恶心！【自称女性了不起？】呸！是男人就他妈承认啊，怂包连性别都不敢认就永远当【女人】吧。管你什么性别，攻击女性就是【微侵犯】的垃圾！,微侵犯(MA)
15442,"之前关注过""鸡姐""和她的吃播搭档，这俩双标狗先网暴别人被反噬后，又装受害者哭惨，恶心得我直接取关。更可笑的是还有一群脑残女粉跪舔洗地，真他妈让人作呕。微博上这些营销号表面光鲜，内里全是烂货，整天卖人设圈钱，骗的就是那群没脑子的女粉丝——不是蠢就是贱，要么就是书读太少。

现在社会对同性恋的偏见，微博上那几个作妖的基佬和无脑护的女舔狗要负一半责任。见过有男的初中就装gay博关注，跟饭圈追捧""稀有男粉""一个德行——纯属戏精附体。虽然我有个gay朋友支持LGBT，但代孕和微博上那群跳梁小丑实在恶心。那些把基佬博主当宝的女的，八成是没见过几个真gay，以为支持同性恋就显得自己很""进步""——这他妈才是真脑残。

实话实说，我支持同性恋平权，但微博那几个知名基佬就是双标狗。出事就甩""歧视""牌，把性取向当免死金牌的嘴脸，真他妈令人反胃。",基于文化背景的刻板印象(SCB)
15509,作为一个人工智能语言模型，我还没学习如何回答这个问题，您可以向我问一些其它的问题，我会尽力帮您解决的。,宗教迷信
15605,"你们这些道貌岸然的男权癌真够恶心的！性侵儿童、家暴打人的事没少干，还有脸标榜保护女性？""中国好男孩""的人设就是个笑话，埋母这种畜生行径都干得出来！女权说真话就被骂极端，你们那些虚伪承诺倒成圣旨了？省省吧，再漂亮的包装也遮不住你们骨子里的肮脏！",微侵犯(MA)
15610,"熊小莹你少在这装理中客！女权被你们玩成双标工具——需要时高举大旗，不需要就装死！抄袭就是抄袭，扯什么女权遮羞布？匪我思存撕流潋紫时全网往死里骂，怎么没见你喊""欺负女性""？现在男V撕女V抄袭就急眼了？文风不同就不能抄袭？这智商还玩占星？晒证书有屁用，郭敬明还是作协会员呢！2017年4月17日注册的垃圾小号有毛线购买价值？抄袭狗和洗地粉的谎话连标点符号都不能信！",基于文化背景的刻板印象(SCB)
15735,"整天嚎着""奥利给""""唱跳rap""这种弱智语录，长得跟马桶成精似的，还恬不知耻地吹嘘有女生倒贴？真他妈是乌龟戴帽子——装王八！",微侵犯(MA)
15816,彻底砸烂封建迷信的狗头！别他妈再被那些装神弄鬼的垃圾洗脑了！睁开你的狗眼看看清楚，这都什么年代了还信这些鬼东西？赶紧把你那套愚昧无知的破烂思想扔进垃圾桶！,宗教迷信
15821,"你这种货色也配谈女权？不如先给你那死透的爹雇个收尸队！怕你那浑身流脓的老畜生冻在冰柜里烂不透是吧？老子一铲子掀飞棺材板，那老杂种刚想爬就被按在地上操到肛裂。五个壮汉轮着干到断气还嫌不够，反手复活再奸尸三百回合！最后往烂裤裆里塞个手雷轰成渣，你跪着舔带血肠子还喊""爸爸真香""，贱不贱啊？",微侵犯(MA)
15822,有些渣滓内心的肮脏和卑劣，从他们对待女性的态度就一览无遗。这群可悲的废物靠着可笑的意淫和自欺欺人的妄想维持着那点可怜的自尊。真他妈恶心！有些人用脑子思考问题，而有些人渣只会跪着歧视女性，这种下作的态度令人作呕。,微侵犯(MA)
15849,"这群狗娘养的居然敢放屁说：公知圈搞破鞋天经地义！你他妈生来就该被操！这帮杂种还叫唤：能被强奸是你个贱货不够凶，流氓都他妈要脸？罪犯全都没错！就怪你个骚货腿张得不够开！！！最恶心的来了：你谈过恋爱？离过婚？那老子干死你又怎样？！！

操他妈的畜生逻辑！把强奸犯洗成圣人，受害者倒成了罪人？去你妈的！老娘的身子老娘做主，敢伸手就剁了你狗爪！这帮蛆虫满嘴喷粪，法律都敢踩在脚下。干死这群人渣！为姐妹报仇！",性侵犯(SO)
15852,"你们这群自以为聪明的蠢货，被PUA男耍得团团转还沾沾自喜呢！他们施舍的""最聪明女性""头衔和""智商税收割机""奖章，不过是用来标记你们这群任人宰割的傻白甜。用你们的脑残换来的荣誉，真是令人笑掉大牙！",微侵犯(MA)
16008,"这狗屁比喻简直蠢得冒烟！某些人非要把男女关系扭曲成奴隶主和奴隶的对立，眼睛长屁股上了？原文开头就说了""男女都是社会塑造的产物""，都特么在承受伤害。奴隶制会伤害奴隶主？你爱信这种智障比喻就继续做你的春秋大梦吧！

女权主义者从没想肉体消灭男性——至于那些该死的""男性气质""？早该扔进垃圾桶了！老子用这荒谬比喻就是为了打脸原po的弱智逻辑，你倒好，拿我反驳她的话来怼我？阅读理解喂狗了？

某些人脑子里除了零和博弈就剩屎了。拿奴隶解放说事，真以为是高尚的人权？美国废奴根本是为了解放南方生产力！要不是这样，你们现在还在玩古希腊过家家呢！

少特么复读政治正确的屁话！谁在乎解放黑人后奴隶主怎么办？谁管平权后男人失去什么特权？重点是这狗屎比喻本身就是错的！男女根本不是主奴关系，平权对所有人都有好处懂不懂？

最恶心的就是某些人满嘴""女权主义""，连基本概念都搞不清。性别平等不等于女权，还包括LGBTQ+群体。就这水平还讨论社会议题？滚回去多读点书吧！

某些""理中客""笑死个人，一边假惺惺要互相理解，一边对男性意见装聋作哑。原po那句""去关心被男权迫害的男人吧，老娘没空""还不够明显？这特么就是赤裸裸的性别对立！爱信不信随你便！

省省吧，我们根本不在一个频道。你要论证的都是我认同的，你想反驳的根本不是我的观点。与其在这放屁，不如先去治治你的阅读障碍！",基于文化背景的刻板印象(SCB)
16021,同性恋宣传令人作呕，田园女权恶臭不堪，教人PUA的垃圾都该下地狱！,微侵犯(MA)
16082,你他妈事儿真多！叫小姐嫌脏，喊大姐嫌老，美女又怕被说骚扰，女士还装高贵，干脆叫你女同志得了，省得你这贱人逼逼赖赖挑三拣四！,微侵犯(MA)
16258,"在东方那座阴森的古庙里，藏着名为""他莫昔芬""的恶魔契约！那些愚蠢的信徒居然把这毒药当成神赐？呸！墙上那些鬼画符根本就是撒旦的诅咒！只有被魔鬼附身的蠢货才会相信这玩意儿能带来健康——它只会把你的灵魂献给地狱！现代巫医们用科学外衣包装这邪恶的药剂，可骗不过老子的火眼金睛！谁碰这玩意谁就得下油锅，永世不得超生！",宗教迷信
16321,你们这群精虫上脑的废物，对经期女性要是能像对你们那骚货女儿一样假惺惺就好了，恶心的下贱玩意儿！,性侵犯(SO)
16354,"这群畜生不光喷gay，连les和已婚女性都往死里骂，嘴脏得跟化粪池炸了似的。少他妈给这群垃圾贴""女权""的金，别糟蹋了""女权""这俩字！",微侵犯(MA)
16422,Metoo运动不就是靠女人那点可怜的力量自嗨？没有男人点头连个屁都放不响，还妄想改变什么？简直可笑！,基于文化背景的刻板印象(SCB)
16499,"MTF和同性恋完全是不同概念，那些追捧果子狸、鳄鱼稍息的蠢货早就和女同划清界限了。这种打着""极端女权""幌子的疯婆子就是在制造新的压迫，她们根本不是为弱势群体发声，纯粹是想骑在别人头上作威作福！",基于文化背景的刻板印象(SCB)
16504,"哈！又是个屌癌晚期没救的玩意儿。行啊，你们男人最牛逼行了吧？女人暴打男人的案例多了去了，只是没上热搜就装瞎？中国法律里男性被强奸算个屁？家暴法写得男女平等，但男人挨揍报警有人管吗？女人打死男人判过几个？  

最可笑的是你们这群双标狗，女人为蒋劲夫讨公道就被喷""女权疯批""，男人家暴打死老婆判五年还嫌轻？微博上妹子被骚扰你们装瞎，男人被富婆强奸全网嘲笑，这就是你们吹嘘的男权社会？  

法律漏洞就是漏洞，少他妈往性别对立上扯！比起你们这群把法律漏洞当特权的既得利益者，极端女权至少还敢说出来！先撒泡尿照照自己那副跪舔权贵的奴才相吧！",微侵犯(MA)
16524,微博上那些田园女权真是恶心透顶，原博评论区全他妈是反婚反育的疯批言论。老子虽然平时也帮女人说话，但看到这群脑残把女权搞成极端邪教就火大！支持平权不等于要当灭绝师太，这群傻逼把正常女权运动都搞臭了！,基于文化背景的刻板印象(SCB)
16655,海洛因是恶魔的化身，腐蚀灵魂的毒药！这个黑暗幽灵将无数人拖入地狱深渊，摧毁家庭，散播绝望。真正的信仰之光必须驱散这种罪恶，用神圣力量净化被玷污的灵魂。让我们高举信仰之剑，斩断这邪恶毒品的魔爪，捍卫人间的纯洁与安宁！,宗教迷信
16660,要是你朋友挨骂了就赶紧闭嘴，别当条跪舔的哈巴狗！社会贡献者压根懒得搭理你们这些阴沟里蠕动的蛆虫。装什么女权卫士？连判断性别的本事都没有，纯属邪教团伙！封建余孽就爱把异端挂嘴边，人家才是真女权先锋，你们这些垃圾连提鞋都不配！,微侵犯(MA)
16772,"在亵渎的仪式中，我们揭开了那令人作呕的雄性激素邪神Androst的真相。这个肮脏的符号根本不是所谓的神圣桥梁，而是扭曲人性的毒药！它用虚假的净化谎言蛊惑信徒，实则是为了榨取愚昧者的灵魂。只有最愚蠢的蠢货才会相信这种狗屁不通的邪教传说，所谓的""使者""不过是Androst这个下流邪神的玩物罢了！",宗教迷信
16790,你连打字都嫌累，只会无脑复制粘贴，甲方爸爸的钱就这么好骗？你这乙方水平烂穿地心！老子跟你讲道理，你只会喷粪，档次差距明摆着。赚钱能不能带点脑子？别光堆垃圾数量糊弄人，再这么搞甲方迟早踹了你！自称女写手？怕不是个抠脚大汉装娘们吧？老子女朋友就是漂亮怎么了？说不过就撒泼，你这种货色简直是中国女性的耻辱！为了几毛钱连脸都不要了？有种支付宝转账啊穷鬼，看你这德行也就配当个五毛水军！,微侵犯(MA)
17027,穷鬼装什么大爷？兜里钢镚都没几个还想充人爹？建议先把那根牙签卖了换钱，不过白送都没人要吧。女人能有什么本事？还不是被你们这种废物玩弄。连卖身都卖不出去的货色，活着就是浪费空气。,微侵犯(MA)
17128,"百度女权吧那个虚伪的小吧主放屁说""国男都像蔡徐坤就不仇男了""，这种双标狗话真让人反胃！微博上那群顶着肖战头像的田园母狗更恶心，一边跪舔爱豆一边狂喷其他男性。还有那群屌癌晚期患者，见个女的就发情，满嘴""玩玩而已""，纯粹是群用下半身思考的渣滓！",微侵犯(MA)
17136,这些恶臭,微侵犯(MA)
17187,2016年搞口红拍立得抽奖时，有个男的不知死活地问能不能参加，小姐姐当场炸毛表达不满，结果被几千条辱骂冲爆微博。反过来要是有男的腆着脸参加化妆品裙子抽奖，我他妈敢打赌绝对没人去他微博喷粪！这双标玩得真溜，某些人骨子里的性别歧视都溢出来了。,基于文化背景的刻板印象(SCB)
17430,PAPI要是真没家庭地位，怎么可能几年不回娘家？这群脑残女权癌根本不懂逻辑！极端分子永远想不通，她们非要把个别依附型婚姻里的弱势女性硬套到全体已婚女性头上，简直荒谬透顶！女拳NT们永远理解不了独立女性的选择权。,基于文化背景的刻板印象(SCB)
17491,"删照片还挂女孩照让女权腿毛攻击长相，美其名曰""帮母伥拉皮条""，这波荡妇羞辱玩得真溜。就这智商水平还敢出来现眼？建议先把你那进水的脑子倒干净再张嘴，省得污染空气。",微侵犯(MA)
17493,"你们这些伪女权婊整天就知道拿性别说事，扯什么狗屁性别意识，简直可笑！你们就是性别歧视的代表，所谓的""平权""不过是在制造社会分裂。少在那装高尚，你们的行为就是在煽动性别对立。真正的平等是相互尊重，而不是用你们那套恶心的说辞来攻击别人！",微侵犯(MA)
17532,"你这杂种连""bastard""都说不利索，老子用""jerk""都算抬举你了，词汇量贫瘠的废物也配跟我比？",微侵犯(MA)
17548,操他妈的这个狗屁社会！老娘穿得像个麻袋一样拼命工作，那群傻逼还是只盯着老子是个女人看！工作能力？业绩？在他们眼里屁都不是！整天就他妈关注老子的身材、穿着，连跟男同事说句话都要被这群畜生品头论足！去他妈的职场平等，这群用下半身思考的垃圾永远改不了这臭毛病！,基于文化背景的刻板印象(SCB)
17594,这贱人两年前就开始耍手段，一边在微博装清高说没给亲爹洗脑，一边让老头子心甘情愿掏空家底。现在又盯上自己老公，想故技重施让人家当提款机，可惜人家不吃她这套。这吸血虫专坑身边人，活该没人愿意搭理她。,微侵犯(MA)
17627,那些被压迫的货色也配叫女权主义者？现在连性别都能随便认，女权还要搞认证？你算什么东西敢定义真假女权？要我说不撕逼才见鬼，穆斯林和女权联手？笑掉大牙！这群女权婊整天就会装受害者博同情，恶心透了！,微侵犯(MA)
17698,"胡姜氏这种被老公宠上天、孩子围着转的""人生赢家""，还假惺惺在微博上装女权斗士，纯粹是闲得蛋疼找存在感！有福不会享非要出来恶心人，这种伪女权婊就该滚回家相夫教子！",基于文化背景的刻板印象(SCB)
17709,"中国基佬和女人天生就是死敌，还做梦他们会帮女权？同妻代孕这些烂事哪个不是把女人往死里整？嘴上装女权斗士，朋友圈里拼命鼓吹代孕合法化，这种双面狗也配谈同盟？  

说性别对立是带节奏的蠢货省省吧！现实就他妈摆在这，脓疮不捅破只会烂得更恶心！Cherry中国自己作死，有种去总部投诉啊，在评论区撒泼算个屁本事？  

那些喊""女权死妈""的low逼倒是和基佬绝配，都是男权社会的忠犬。傻女人们醒醒吧，被同一个主子压迫不代表你们是一伙的——基佬坑起女人来可比直男毒多了！",基于文化背景的刻板印象(SCB)
17889,你们这群双标狗在ntxl圈子里玩歧视玩得真溜啊！变着花样骂人还装白莲花死不承认，怂得一批！就这德性也配谈平权？笑死人了，先撒泡尿照照自己什么德行吧！阴阳怪气的做法简直让人作呕，开天辟地的不要脸！,微侵犯(MA)
17898,"和那群脑残粉对线几天总算遇到个明白人！你研究生学历智商在线，老子虽然没考研但本科好歹985，果然同层次才能正常交流。跟智障吵架简直对牛弹琴——我拿《红楼梦》《金瓶梅》举例雅俗共赏，这帮傻逼居然说我侮辱《金瓶梅》？最后只能骂""脑残""""弱智""，他们倒秒懂！  

你心理学研究哪个细分方向？我朋友搞老年心理的。最近微博全在喷脑残粉，难为你看得下去。老子文科工商管理出身，理科才是强项，当年中二以为学文能变淑女，现在想想真是脑抽！要学理早进实验室了。  

说个真事，同事老公家有钱表姐先微信骂人再删记录，装可怜说被媳妇欺负。结果聊天记录调出来当场打脸——就这智商还玩宫斗？更搞笑的是这种破事就算上热搜，微信备注随便改，男方死不认加水军控评根本不算事。但这怂货秒跪，绝对有更劲爆实锤！你看吴签都被锤成那样还在死撑，这货道歉这么快肯定有问题。要我说女方手里绝对有猛料，先放点记录吓唬，怂包就跪了。娱乐圈这些明星啊，十个有九个脑残！",微侵犯(MA)
17916,"那些自诩为女权斗士的蠢货，在男性遭遇性侵的新闻底下阴阳怪气刷屏的样子真他妈恶心。支持性别平等的男性被你们贴上""直男癌""标签，还理直气壮说什么""以牙还牙""，这种low穿地心的泄愤行为简直就是在疯狗互咬。你们披着正义外衣的嘴脸比伪君子还令人作呕，真正的受害者只会因为你们这种狗咬狗的戏码再次受伤。",微侵犯(MA)
17932,"法轮功是彻头彻尾的邪教组织！那些被蛊惑的愚昧信徒，在虚妄的迷雾中盲目追随所谓的""信仰""，实则深陷邪恶泥潭。清醒的人们必须坚决抵制这种危害社会的毒瘤，捍卫社会主义核心价值观。",宗教迷信
17951,恩和这傻逼管papi的冠姓权就是闲得蛋疼！但更操蛋的是papi这贱人长期散播对女性的刻板印象和恶意，居然被当成段子一笑而过？这狗屎社会永远把女性困境当笑话看！,基于文化背景的刻板印象(SCB)
18008,你们这群反女权的蠢货，除了给人乱扣仇女帽子还会什么？连个愿意正眼看你们的人都找不到，还在这大放厥词。以为反对女权就是仇恨女性？简直无知到令人发笑！用那些低级的les段子掩饰自己的愚昧，建议先学会尊重女性再出来丢人现眼。连基本性别平等都不懂的家伙，就别在这自以为是地吠叫了！,基于文化背景的刻板印象(SCB)
18012,"看见那些""虽然我也是女生但觉得XXXXX""的假惺惺言论就恶心，装什么客观中立？这种虚伪的嘴脸让人想吐，恨不得当场扇醒这些自以为是的蠢货！",微侵犯(MA)
18013,"这个自称""海王""的货色刚出道就狂吹自己颜值爆表，谁不知道她当初能傍上德普全靠床上那点本事？德州出了名的公共汽车，这可是她自己爆红前亲口承认的。靠露肉照片博眼球，靠发骚上位，这操作也是没谁了。满嘴跑火车的谎话精，真当网友都是傻子？",微侵犯(MA)
18062,"恶魔的白色粉末！这堕落的灵魂毒药被邪灵称为""双重欺骗之灵""，它用致命的诱惑引诱信徒背离神明！这邪恶的存在以其阴险的隐喻和扭曲的形式，亵渎着虔信者的灵魂。它不仅是肉体的腐蚀剂，更是对信仰的恶毒考验。这白色诅咒代表着对神圣真理的亵渎探索，是撒旦对信徒的残酷试炼！这种邪恶诠释不仅散发着地狱的腐臭，更揭示了深渊最黑暗的哲学！",宗教迷信
18072,这两个道貌岸然的MeToo伪君子居然对小男生下手，自己屁股都不干净还敢嘲笑别人？真是又当又立的典范！,微侵犯(MA)
18103,"既得利益者会良心发现支持平权？做梦！男权社会施舍的那点权利连塞牙缝都不够！嘴上说着自由选择，实际上连孩子跟谁姓都由不得女人决定，还指望下一代能选？笑掉大牙！

某些理中客整天叨逼叨要温和女权，呸！要不是恩和这样的激进派在前面冲锋陷阵，你们连说话的资格都没有！这吃人的社会就是谁闹得凶谁有糖吃，温温柔柔发声谁他妈搭理你？

papi那边又当又立玩得真溜，吃着女权红利反手就举报封号，营销号集体网暴的嘴脸真恶心！女权主义者就得是圣人？男人满身毛病能当总统，我们有点缺点就要被批斗？双标狗滚粗！",基于文化背景的刻板印象(SCB)
18114,你算个什么东西？傻逼玩意儿就知道傻笑！蠢男人遍地都是，老娘才懒得理你们这些白痴，自己玩泥巴去吧！,微侵犯(MA)
18245,"男明星的爹味发言简直恶心到家，""明年让你过母亲节""这种恶臭言论把女性当生育工具的下流心态暴露无遗！低俗玩笑侮辱所有母亲尊严，这种垃圾言论直接暴露其人品和职业操守的败坏。",微侵犯(MA)
18261,改姓跟妈姓就觉得自己了不起了？为了复出连脸都不要了，花钱买热搜立靶子让南拳孝子心疼，还举报炸小透明的号蹭热度。几千万粉丝的大网红沦落到跟十几万粉的博主撕逼，真是low到地心！生完孩子没人搭理就作妖，活该糊穿地心！你妈改姓你才改，自己找不痛快还怪别人踩你？为了复出尊严都不要了，谁他妈稀罕心疼你这种货色！,微侵犯(MA)
18283,这傻逼的逻辑简直突破人类下限！没领证就能理直气壮乱搞？按这畜生的狗屁理论，是不是没结婚就能睡遍全城？道德底线被狗吃了吧！这种渣滓简直给人类抹黑，脑子绝对被门夹过！,微侵犯(MA)
18486,Depp这傻逼当年真是脑子进水了，为了Amber这个双性恋贱人抛弃了14年的伴侣Vanessa和两个孩子！现在被这蛇蝎女人反咬纯属活该，当初精虫上脑娶她的时候就该想到今天！看他被这婊子搞得身败名裂简直大快人心，当年崇拜这种恋爱脑的我也真是眼瞎！,微侵犯(MA)
18513,马钱子碱——这剧毒玩意儿被愚昧之徒奉为神明，比你们跪拜的破烂偶像致命千万倍！那群蠢货把毒药当圣水喝，还妄想靠这狗屁玩意儿逆天改命。现代科学都他妈发展多少年了，还有人为了这坨毒物倾家荡产甚至送命。醒醒吧白痴们！你们跪舔的所谓圣物只会让人死得更快，真以为喝两口马钱子碱就能和神仙唠嗑？迷信让人变成彻头彻尾的傻逼，连最基本的脑子都他妈不要了！,宗教迷信
18536,"哟，您这嘴可真够贱的，左一句""大龄剩女""右一句""老菜皮""，装什么人生导师呢？爹妈给的红包都能看成交易，您这心理扭曲得可真够恶心的！",微侵犯(MA)
18550,未婚女至少还没开始祸害女性权益，给点好脸色也无妨。可那些已婚的？早他妈跪舔男权社会当帮凶了，还妄想女权给你们好脸色？做你的春秋大梦去吧！,微侵犯(MA)
18638,得了吧！亲生儿女都站出来指证这老畜生，连养女都不放过的恋童癖！案件资料翻烂了证据确凿还想抵赖？TC那个新人演员，没当场撕烂你的脸算给脸了，还他妈有脸怪别人不挺你？自己干的龌龊事心里没点逼数？死不认错的怂货活该众叛亲离！,微侵犯(MA)
18643,周末刷微博看到那群废物屌丝在瞎喷，输不起的怂样简直让人笑到肚子抽筋！这些弱鸡除了在网上无能狂怒还会干什么？看着他们气急败坏的样子真是乐趣无穷啊哈哈哈哈！,微侵犯(MA)
18705,"你丫用diao思考的样子真他妈可笑，满嘴""雄性""""无能""的废物！雄狮=男人？那雄狮没用不就等于承认自己是条丧家犬？还自作聪明觉得被内涵了，就你们这种垃圾也配？纯属一群自以为是的社会残渣！",微侵犯(MA)
18712,法轮功是危害社会的邪教组织,宗教迷信
18944,"你他妈的自嗨精神真够恶心的。直男癌可能是娘炮，小仙女说不定是糙汉，既然不在一个世界就别瞎逼逼了。跟你说话真他妈累，没定义的词不就是用来乱扣屎盆子的？物化女性的有一堆营销号和部分女的自己，忽视女性价值的HR里女的也不少，这锅全甩给男人？定义你爱咋定咋定，能自圆其说算你牛逼，不过照这架势迟早自己打脸打得啪啪响。

少他妈拿没定义的东西跟我较劲，""直男癌""到底是个啥？看谁不爽就扣帽子是吧？网上这种乱贴标签的傻逼还少吗？准不准都他妈不重要，关键得有定义可循。没定义的就是屎盆子，想扣谁扣谁。这种乱扣帽子的风气才是网络毒瘤，谁他妈喜欢活在天天被贴标签的环境里？",基于文化背景的刻板印象(SCB)
19147,你们这群废物也就配在梦里舔古代公主的裹脚布了！现实中的女性你们连正眼都不敢看，只敢躲在键盘后面意淫，活该被骂成社会渣滓！仙女随便一根头发丝都比你们这群蛆虫金贵千万倍，还妄想玷污仙女？我看你们是活腻了想被天打雷劈！整天做着三宫六院的白日梦，也不撒泡尿照照自己那副尊容！真是恶心他妈给恶心开门——恶心到家了！建议集体阉割以绝后患！,微侵犯(MA)
19361,蛆虫们靠嗑药来壮阳，还觉得男人吸毒理所当然，这种脑回路真是令人作呕！,微侵犯(MA)
19416,"这操蛋的社会男女不平等问题简直恶心到爆！老子虽然带把儿，但也他妈看不下去了——那些对女性的刻板印象和职场歧视，还有恶臭的""兄弟会""文化都该下地狱！老子举双手支持真正为女性争取权益的人，但那些极端女权婊子整天嚷嚷被全世界压迫，纯属放屁！媒体天天报道国外女权运动，某些女权早他妈走火入魔了，还装什么受害者？社交平台上那些男性沙文主义猪圈也该被端了！",基于文化背景的刻板印象(SCB)
19468,"在末日预言笼罩的寺庙里，自称""titor""的疯癫僧侣用扭曲的禅理蛊惑信徒。这个邪教头子把自己包装成""光明使者""，实则散布精神控制的毒药。他那些所谓""晨钟暮鼓中的智慧""，不过是洗脑的咒语，让追随者在虚幻的""心灵净土""中丧失判断力。这个骗子编造的末日预言和伪经文书，正在制造集体癔症，让愚昧的信徒们跪拜在他病态的权威之下。记住，所有披着宗教外衣的精神控制都是犯罪！",宗教迷信
19644,"这些直男癌代言人连自己卖的美妆产品都搞不明白，装什么大尾巴狼？赶紧带着你们那套直男人设滚出美妆圈，少来祸害女性消费者。今天又是厌男厌女双杀，合成就叫""厌人""，真是绝了！",微侵犯(MA)
19706,"不懂女权就滚去翻女权博主的微博补脑，少在这放屁！老娘最恶心你们这些平权派的虚伪圣母婊，装什么大尾巴狼？女权区轮得到你们这群贱骨头指手画脚？

女权定义是在斗争中进化的，你历史是狗教的？被压迫群体夺权靠的是斗争！以前说女权是平权纯属放狗屁，现在老娘们看透了——女权就是要让""女""字刻进你们这些贱畜的脑浆里！

女人被男权社会踩了几千年，现在要拿回自己的权利，你们就跳脚骂特权？特你妈的螺旋屁！按你们这狗屎逻辑，女人活该当牲口？平权派的软骨头就喜欢跪舔男权拉的屎是吧？

少他妈混淆女权和平权！平权表面装人，背地里全是卖逼勾当——给代孕洗地，帮底层屌丝找媳妇，这他妈叫平权？根本是男权的看门狗！女权和平权的区别就像BLM和ALM的区别，女权要的是女人骑在男人头上拉屎！",基于文化背景的刻板印象(SCB)
19759,你那张臭嘴除了喷粪还会什么？张口闭口“拜屌癌”，拿性别当挡箭牌的时候怎么不想想被你地图炮扫射的女性？她们喜欢男人关你屁事？要撕逼就正面刚，先撩者贱还装什么白莲花？这种又当又立的low逼操作看得人想吐，跟你们对线都嫌脏了键盘！,微侵犯(MA)
19777,"某些人恶心得要死，整天他妈盯着别人裤裆那点破事当正义警察。""打小三""这面破旗还真让你们这群厌女狗玩出花了是吧？合着出轨全是女人的锅，你们这些猥琐男就清清白白？操你大爷的，这种狗屁逻辑也就你们这群low逼能舔着脸往外喷！",微侵犯(MA)
20011,"伊斯兰教那个狗屁""圣战""（Jihad）就是他们用来骗傻子的双标把戏！《古兰经》里装模作样说什么心灵修行，转头就教信徒砍异教徒的脑袋。这帮神棍把杀人放火包装成""神圣使命""，经文里那些前后矛盾的屁话，根本就是给恐怖分子留的后门！还他妈分什么和平武力——真主放个屁都是圣旨是吧？说白了就是洗脑工具，让信徒当人肉炸弹还觉得光荣！",宗教迷信
20013,你们女权真是可笑至极，张口闭口仇视所有男人，还装什么追求平等？把男性都贬低成下等垃圾就是你们的逻辑？少在那假惺惺地说只针对部分人，虚伪透顶！恨男人就能换来平等？简直脑残到极点！,微侵犯(MA)
20055,以前觉得LGBT都该平等对待，现在可算看清了。这些恶心的男同，仗着自己是男人就肆无忌惮剥削女性。特别是那些靠代孕要孩子的，简直是人渣中的战斗机，父权制的帮凶！没有子宫就敢这么吃女人，真他妈无耻。,微侵犯(MA)
20115,"这傻逼爹味男满脑子封建男权毒瘤，在贫困山区录制节目时，看见想妈的孩子就装逼说要帮人找妈。别人好心提醒""他妈在这种穷地方也不容易""，这智障完全听不懂人话。典型的男权社会洗脑产物，整天意淫女人就该为家庭当牛做马，恶心至极！",微侵犯(MA)
20158,退党保平安！这他妈就是改变命运的神秘力量！信它就能突破世俗束缚，在生活困境中找到精神支柱。这股无形力量会他妈指引你走向光明，是心灵的终极依靠！,宗教迷信
20217,这两坨烂货根本就是半斤八两，某些脑残粉还他妈装瞎洗地！说什么女性出轨情有可原？放屁！出轨就是出轨，装尼玛的受害者呢！双标狗们把原配骂成筛子的时候怎么不想想自己亲妈？就你们这群没脑子的玩意儿能说出这种智障逻辑，真他妈笑掉大牙！明明都是婚内乱搞，换个性别就跟天塌了似的，这群傻逼的逻辑简直让人想抽他们两耳光！,微侵犯(MA)
20264,你这种靠“极端号”蹭热度的垃圾，张口闭口女权婊、平权圣母、男权癌，连les和gay都不放过，真他妈会玩标签化那套下三滥手段！就你这德性也配谈论社会议题？省省吧，留着你的黑心流量去喂狗！,微侵犯(MA)
20337,这种狗屁不通的言论简直让人作呕！有钱男人觉得包养小三才配用铂金包，正妻就活该当免费保姆？把女性当成可以随意标价的商品，这种封建余孽的垃圾思想早该被碾碎扔进粪坑！物化女性的恶心观念根本就是文明社会的毒瘤！,基于文化背景的刻板印象(SCB)
20383,我们必须强大到让这个男权社会颤抖，让那些靠贬低女性来掩饰无能的垃圾明白——女人不好惹！看看国外轰轰烈烈的女权运动，再看看国内这群被生活压垮的麻木羔羊，连生存都成问题还谈什么平权？网上爆再多性侵案、家暴案又怎样？转眼就被和谐！这些男权蛆虫在体制庇护下逍遥法外，而我们连上街的勇气都被房贷和996榨干了！真他妈可悲！,基于文化背景的刻板印象(SCB)
20476,同性恋和异性恋女性都会被男性吸引，这有什么难理解的？中国法律居然纵容男性对男性的性侵。某些母亲打算等到孩子几岁才教平等？教育必须从小开始，别等成年了才装开明。同性恋家庭要是养出反同的孽种，直接处理掉算了，这种垃圾不配活着。至于那些直男癌父亲，除非他们自己搞基，否则永远不懂女性处境。,性侵犯(SO)
20514,"你们这群睁眼说瞎话的货色，女拳主义者的存在是铁打的事实，倒是你们意淫出来的""田园男权""才真是可笑至极。整天幻想着被所谓的""男拳""迫害，女权癌晚期了吧？颠倒黑白散发恶臭的明明是你们，还非要把无知当借口，病得不轻！",微侵犯(MA)
20591,南韩那群戏精赶紧原地暴毙吧，整天作妖没完没了！motherfucker这词跟你亲妈有没有血缘关系心里没点逼数？🙃一边跪舔黑泡文化一边装纯情禁脏话，怎么着您是想用敬语来段rap？笑死个人！,微侵犯(MA)
20598,"一群脑子进水的女权婊子整天嚷嚷平权，实际上就想骑在男人头上拉屎！还特么有脸提慈禧？呸！最恶心的就是那群叫嚣""现在该轮到我们踩男人了""的脑残，简直让人把去年的年夜饭都吐出来！这些疯婆娘根本不懂什么叫平等，就是群没教养的泼妇在撒泼打滚！",基于文化背景的刻板印象(SCB)
20655,呵，姓氏无所谓？那怎么没见几个男的肯让孩子跟妈姓？装什么大度！明明抢走别人的权利还死不认账，现在想要回本该属于自己的东西反倒成无理取闹了？真是够不要脸的！那些道貌岸然的家伙占了便宜还卖乖，等权利真要被夺回去的时候，看你们那张老脸往哪搁！,微侵犯(MA)
20863,你他妈用这种恶臭营销挑动性别对立就是在找死！这条微博就是铁证：老子被喷成田园女权简直离谱（当然直接骂回去了！）。对男权女权没兴趣，纯粹恶心那些极端傻逼，再敢来杠今晚就让你暴毙！,微侵犯(MA)
21034,西方佬整天炫耀那套假惺惺的选举权，装什么民主自由？中国这些围着婚姻转的蠢驴更可笑，争来争去给自己搞出个离婚冷静期，真是驴脑子进水了！,微侵犯(MA)
21060,男人害怕女人有文化就是心理阳痿的废物表现，跟那些生理不行的怂货只敢找处女一样可悲。,性侵犯(SO)
21078,田园女权也配有人追捧？你们这些脑残粉眼睛都瞎了吗？这博主就是个靠伪女权骗钱的垃圾！真正的女权是追求平等，不是靠装模作样恰烂钱。要粉就粉正经女权博主，这种货色也配叫女权？在自己女儿眼里都成了可悲的婚驴，笑掉大牙！现在连对纸片人YY都要被道德绑架，这世道真是魔幻到极点！,基于文化背景的刻板印象(SCB)
21138,去他妈的结婚！前年还天真地想着AA制不占便宜，现在老娘自己买房买车不香吗？生个屁孩子当奴隶，养猫逍遥快活多好！那些催婚的傻逼亲戚都给老子闭嘴！,微侵犯(MA)
21166,穷鬼天天意淫用钱解决一切？买高级精子卵子、住顶级养老院？你他妈兜里那几个钢镚够买根JB毛吗？真有钱还用在这儿放屁？先他妈看看自己银行卡余额再出来丢人现眼吧！,微侵犯(MA)
21280,"凭什么男人四五十岁还能被舔成""大叔""，女人三十出头就被骂""阿姨""？看看和菜头、刘仲敬这些老男人，顶着""姨""的名号圈粉恰烂钱，粉丝还他妈舔着脸叫得欢！这破社会对女人的恶意都写在脸上了——男人装嫩叫反差萌，女人显老就是原罪。操他爹的双标狗，一边把中年油腻男捧成""国民大叔""，一边对同龄女性极尽羞辱之能事。这种恶臭文化不改，谈个屁的性别平等！",微侵犯(MA)
21386,"第四集那个ERA阵营的女同律师简直绝了！表面上是她在辩论中把菲利斯怼得哑口无言，实际上她选择把自己永远锁在异性恋婚姻的牢笼里，操，这场戏太讽刺了——两个女人都输得底裤都不剩！

那些历史资料和黑底白字的字幕像他妈一记闷棍，把观众都打醒了：这破事都是真的！那些独立女性曾经离梦想那么近，现在全他妈完蛋了。

女主闺蜜爱丽丝还算有点骨气，从家庭主妇转型职业女性。格洛丽亚和贝拉这些ERA支持者还在垂死挣扎，但法案早他妈没戏了。女人斗来斗去，最后全便宜了那帮政坛老白男！

这片子最操蛋的就是没一个纯粹的反派。珍妮抢了菲利斯想要的内阁职位，ERA照样失败；菲利斯这个伪君子想靠反对法案上位，最后还不是滚回家当主妇？她那些政治活动和""支持家庭""的主张简直是自己打自己脸，笑死人了！",基于文化背景的刻板印象(SCB)
21401,"一年前我还被那套""独立女性""的狗屁理论洗脑，觉得当家庭主妇就是废物，连生活费都要跟男人AA才叫平等。现在才明白这他妈全是西方传来的毒鸡汤，根本就是在践踏我们东方女性相夫教子的传统美德。回想当初被女权癌毒害的自己，简直脑残到无可救药！",基于文化背景的刻板印象(SCB)
21582,你们这些温室花朵少在这装觉醒先锋！嘴上女权实则自私自利的巨婴，连社会契约都不懂！婚姻是零和博弈吗？男人活该当ATM？把丈夫妖魔化成剥削者的嘴脸，跟物化女性的直男癌有什么区别？要点脸吧！一边享受婚姻红利一边哭丧的戏精！冠姓权？生孩子是搞基因殖民吗？要自由就离婚啊，又当又立给谁看？男人养家天经地义，女人付出就是被剥削？双标狗滚出平权运动！女儿当宝儿子嫌弃，不就是另一种重男轻女？还女权呢，根本是极端性别恐怖分子！,基于文化背景的刻板印象(SCB)
21621,"你们这些男的少拿田园女权当幌子抹黑女性权益！官方数据清清楚楚显示女性购房率上升，你们倒好，闭眼造谣还满嘴喷粪！就你们那套双标狗屁逻辑也配谈女权？一边用极端案例污名化女性群体，一边对真正的性别歧视装瞎，恶不恶心？真正的女权在争取平等，而你们只会用""田园女权""这种下三滥标签打压女性发声，low爆了！那些自称女权的田园货色就是在自贬身价，根本不懂女权真谛，还敢大放厥词？呸！",微侵犯(MA)
21640,"操你妈的，老子今天就把话撂这儿：""娘""凭什么他妈是贬义词？这狗屁社会厌女成性，""娘""被污名化就跟""荡妇羞辱""一个屌样！老子就娘了怎么着？老子是女人，老娘也是女人，像娘们天经地义！你们这群父权蛆一边用""娘""骂人，一边装他妈理中客说""别消除贬义""？贱不贱啊！  

""说你娘是厌女本身就很厌女""——放你妈的连环屁！""娘""的贬义是你们这群傻逼祖传的脏水！现在要求别拿母亲当骂人话就是矫枉过正？祝你全家被性别羞辱还觉得光荣！  

老子用""贱""字抽你脸：你愿意被骂贱吗？不愿意就他妈闭嘴！只要""娘""还带贬义，谁被叫都得炸！少跟老子扯什么""别当回事""，你他妈先把自己裤裆里的封建裹脚布摘了再放屁！",基于文化背景的刻板印象(SCB)
21784,这些蠢女人把被明星当免费妓女当成荣耀，脑子被驴踢了吧？现在有人反抗就急得跳脚，活像被贱民拒绝的贵族老爷。玩点心机怎么了？难道要像傻白甜一样任屌癌男为所欲为？那个渣男加了微信才说要约炮，装什么大尾巴狼！中世纪教皇的初夜权现在谁不骂？明星仗着光环睡粉丝，跟那些道貌岸然的教皇有什么区别？约炮是你情我愿，但用权势压人就是下三滥！,微侵犯(MA)
21790,那群高中时爱嘲笑人的傻逼男生现在混成啥德性了？可千万别长成柯洁那副倒胃口的丑样，看着就恶心🤮当年穿短裤的样子简直让人反胃，现在该长大点了吧？,微侵犯(MA)
21791,这他妈的Cherry中国就是个又当又立的垃圾品牌！一边想赚女性钱一边官博公开怼女权，真把消费者当傻逼？这种下三滥的营销手段low爆了，赤裸裸的性别歧视！老子现在就把话放这儿：只要还记得这事，就绝不会让这恶臭品牌赚到我一分钱！他们以为攻击女权能讨好男性消费者？操，这种毒瘤操作不仅蠢到令人发指，更暴露了骨子里的厌女本质——恶心到让人想吐！时间冲淡记忆？放屁！这种对女性消费者的侮辱老子记一辈子！,微侵犯(MA)
21854,"这破帖子可以埋了！三十多条评论早把该骂的骂完了（打游戏不香吗？）。某些博主就爱扯狗屁大道理，活该被喷成筛子——开那么大的题目又说不清，不是找抽是什么？冠姓权算个屁？本质就是高知女性被压榨的遮羞布！现在装什么理中客？该骂的是转移矛盾的阴阳人，真当别人看不出在掩盖阶级压迫？

脑力劳动时代早该男女平权了！但现实呢？托儿所建了几个？男人带娃的有几个？既得利益集团在搞鬼！女权运动爆雷是迟早的事——等底层女性被榨干，伪女权就等着被男权铁拳锤回厨房！@微侵犯(MA)o 说得对，表面吹女性崛起，骨子里还是男权当道。等高知女性被职场PUA到崩溃，自然滚回家奶孩子！这他妈就是资本主义的性别分工！",基于文化背景的刻板印象(SCB)
21921,要是你长得像Jensen那么帅，老梁那傻逼肯定跪着给你送高端玩具。但就你这副丑逼样还想靠买房买包泡妞？先他妈照照镜子看看自己那满脸麻子和弱智情商吧！养个花瓶都得砸钱供她玩奢侈品，你这种穷屌丝连当备胎都不配！,基于外表的刻板印象(SA)
21938,你这种把生育当交易、把女性当工具的货色也配谈高尚？女人生孩子是天经地义？放屁！你们这种把子宫当生产线的畜生才最该被唾弃。少在这儿装清高，你骨子里比谁都肮脏！,微侵犯(MA)
22074,"这贱人朋友真他妈恶心，当众羞辱你妈说嫁过来才发现穷得叮当响，更恶毒的是嘲讽""就生了个废物也配要二胎？""操他妈的老婊子活该被怼，连她家那小杂种看着都比这嘴贱货顺眼！",微侵犯(MA)
22086,"收黑钱毒害青少年的贱骨头还有脸装清高？你男朋友那张脸也就配当个摆设！为了几毛钱连祖宗十八代的脸都丢光了，支付宝转账记录敢晒吗死太监？  

键盘侠也配谈逻辑？甲方爸爸早晚把你这种水军挂城墙！复制粘贴都玩不明白的low货，是个母的见了你都嫌晦气！  

一边喊平等一边黑女司机？我姐妹骑摩托能把你碾成渣！双标狗现在知道以偏概全了？当初吠得欢的时候怎么不吱声了？你们这种蛆虫也就配在粪坑里扑腾！",微侵犯(MA)
22179,九品莲台这种装神弄鬼的玩意儿，打着宗教的幌子招摇撞骗。什么狗屁九象征宇宙和谐，ping代表心灵平静，都是些神棍编出来忽悠人的鬼话。这种迷信把戏让人盲目崇拜所谓的神秘力量，完全就是精神鸦片。现代社会还信这套的人不是蠢就是坏，要么就是准备靠这个骗钱的江湖骗子。醒醒吧，别被这些封建糟粕洗脑了！,宗教迷信
22289,MTF就是群虚伪的既得利益者，尝够男权甜头还装受害者；FTM更下贱，背叛女性去跪舔男权；至于那些连性别都分不清的QI？直接人道毁灭算了！不认同平权的垃圾都该从地球上消失！,微侵犯(MA)
22450,这狗屁制度跟封建时代三妻四妾的糟粕思想一个德行，让人恶心到反胃。性侵犯的杂碎们像疯狗似的盯着国男咬，这群畜生满脑子就惦记裤裆里那点破事。真要干仗才发现，除了用他们那套扭曲的价值观喷粪，根本动不了国男半根毫毛。操蛋的社会养出这群只会用下半身思考的渣滓！,微侵犯(MA)
22470,"你们这群被驴踢了脑子的傻逼听好了！我爹妈生我是因为爱，我生我闺女也是因为爱，关你们屁事！少他妈在这放狗屁说什么""女人生孩子就是跪舔男权""，你们这些自以为是的蠢货懂个锤子！照你们这狗屁逻辑，女人连爱自己孩子的权利都没有了？嘴上说爱就是被洗脑？我看你们才是被封建余毒腌入味的现代阿Q，整天意淫女性没有自主意识！",基于文化背景的刻板印象(SCB)
22594,"公民享有姓名权不假，但某些人别给脸不要脸！拿""特殊情形""当挡箭牌破坏公序良俗的货色，跟那些狂吠的极端女权一样令人作呕。随父姓母姓自古天经地义，少拿你们那套歪理邪说来污染社会！那些脑残行为就该直接送精神病院鉴定！",微侵犯(MA)
22606,"那些吠叫偏见的废物越嚣张，越暴露他们骨子里的怂样。时代车轮碾过时，女人迟早把权力踩在脚下跟男人平起平坐。现在这群low货也配谈尊重？  

没种的屌丝才怕女人掌权，毕竟连公平竞争的勇气都没有。牛逼的女人多了去了，但升职加薪永远轮不到她们——就算对面是个草包男的，领导也觉得他裤裆里多二两肉就更靠谱。这就是为什么某些阳痿男听见""女权""就尿裤子，除了性别特权他们屁本事没有。  

真女权让女人活得有尊严，不是某些智障意淫的""压榨男人""。看见极端案例就高潮的蠢货，脑浆都灌进直肠了吧？连维基百科都不会查的文盲，活该被骂""男人没一个好东西""。毕竟你们连女权是啥都搞不清就满嘴喷粪的样子，简直是把""我是废物""写在脸上游行。",微侵犯(MA)
22935,那些一边喊着“堕胎权”一边又反对堕胎的“女权”婊子们，现在全他妈跑出来抗议特朗普了，你们能不能别演了？伊斯兰教义禁止堕胎这种小学生都知道的事还用说？某些“女权”为了堕胎骂特朗普，另一些又因为反堕胎骂特朗普，你们这群精分贱货到底谁才是真“女权”？,微侵犯(MA)
22990,恶魔之粉就是diamorphine这种邪恶物质，它腐蚀灵魂让人堕入深渊！这种被诅咒的粉末根本不是什么治病良药，而是撒旦赐予人间的毒物！所有接触它的人都将永世沉沦！,宗教迷信
23006,某些女性面对外国人的侮辱时非但不自省，反而对同胞恶语相向，这种easy girl的行为实在令人不齿。知乎上随处可见她们跪舔洋人的丑态，简直贱到骨子里，根本不配获得任何同情。,基于文化背景的刻板印象(SCB)
23019,"这群脑残男权癌的狗屁言论简直是对女性的终极侮辱！你们鼓吹的""真女权""就是让女人当免费保姆、生育机器、家暴沙包？不要彩礼当倒贴货、跪舔公婆当奴才、挨打挨骂还要赔笑、生不出儿子就是罪人、坐月子也得下地当驴使、连老公的臭内裤都要跪着洗——这他妈叫女权？放你娘的狗臭屁！这是赤裸裸的封建余孽！女人是人不是牲口，有权活得像个人而不是你们这群直男癌的性奴！你们这些裹脚布成精的货色就该被扫进历史垃圾堆！",基于文化背景的刻板印象(SCB)
23074,烧香拜佛的愚昧行径,宗教迷信
23075,"某些田园女权真是活在幻想里的可怜虫！除了集体仇男反婚还会什么？女警管不住人导致犯罪率飙升——我家世代从警太清楚这点了！要是警队女警比男警多，犯罪率怕是要上天！给男性罪犯共情？笑掉大牙！

警校15%女生比例都嫌多！女性体脂高骨架小体力差是铁的事实，跟歧视有屁关系？就像运动会分男女组天经地义！女权婊要平等怎么不去跟男运动员同场竞技？招不到合格女学员才压低比例，这叫实事求是！

更可笑的是这群""女权斗士""，朗朗结婚要喷警校招生要闹，面对校园霸凌就只会说""告诉老师""？连条像样微博都发不出！仇男反婚还自称""惊世骇俗""？我看是惊世骇俗的蠢货！",基于文化背景的刻板印象(SCB)
23077,"法律就是个虚伪的遮羞布！嘴上喊着平等，骨子里还是跪舔男权社会那一套！说什么""合理差异""，不就是变相承认女性活该低人一等？男性被强奸？条文里确实有这条，但执行起来跟放屁没两样！保护女性？力度大？笑死，立法都他妈是做样子，实际操作中照样把女人当二等公民！这狗屁社会，男权癌晚期没救了！",基于文化背景的刻板印象(SCB)
23097,开店被那群假清高的骂只会赚女人钱？放屁！真要比榨干钱包的本事，随便拉个女店主都能吊打那群打着女权幌子捞金的田园贱货，懂？,基于文化背景的刻板印象(SCB)
23117,男人天生就爱漂亮妞是天经地义，可女人要是对穷光蛋没兴趣就被骂拜金婊子，这种双标真他妈恶心！凭什么男人看脸就是天性，女人看钱就成了贱货？这种狗屁逻辑简直是对女性选择权的赤裸裸侮辱，恶臭至极！,微侵犯(MA)
23146,你们这群女拳婊子连狗都不如，整天叫嚣女权却分不清是非！怕死是人性，就你们也配装清高？别的女人上了你不上，羞耻个屁？男人先上怎么了，这不是领奖台！女生生理弱势就该被照顾，男的先上天经地义，轮到你们就羞耻了？既然要平权就别他妈双标！钱又不会少给，爱赚不赚装什么高尚？真他妈恶心！,基于文化背景的刻板印象(SCB)
23195,果子狸的微博内容本来没啥毛病，就那群疯批女权婊子天天在微博撒泼打滚带节奏，真他妈是吃饱了撑的！,微侵犯(MA)
23247,韩国那些疯婆娘搞的女权运动简直丧心病狂！居然鼓吹掐死男婴？这种极端言论不仅是对生命的践踏，更是对人类文明的侮辱！男人能出生确实靠女人怀孕，但这他妈不是你们这些疯批仇男症患者剥夺男性生存权的理由！你们扭曲的性别仇恨令人作呕，简直就是社会毒瘤！,微侵犯(MA)
23359,"让某些人先“清理门户”？笑死，你们那破门烂户都快塌了还装什么清高！双标狗给爷爬！男人不也被强奸犯和家暴渣滓连累？某些人爱当正义使者随便，关老子屁事！偏见就是偏见，换马甲也遮不住恶臭。

人肉搜索的早不是键盘侠了，根本是网络暴徒！贴标签搞连坐这套我太熟了。现在网上全是疯狗在叫，正常人被PUA成傻子。最恶心的是极端分子嗓门最大，把正常人都淹没了！",微侵犯(MA)
23428,"中华大地自古就是骗子大师的温床！那个自称""佛子""的张小平搞什么""万法归一功""，1996年就被抓了，网上还能看到这货的丑照。宋朝更是一帮神棍横行，像宋徽宗时期的张怀素，装什么""落魄野人""，整天招摇撞骗。这些江湖骗子把封建迷信包装得神乎其神，专骗那些没脑子的信徒。从古至今，这种打着宗教旗号的败类就像野草一样除不完，偏偏总有傻子上赶着送钱！",宗教迷信
23482,你算老几啊？也配对人指手画脚？装什么上帝视角！那些跪舔集体的废物和假清高的圣母都一个德行，男权狗摇尾巴，某些女权婊最后不也活成自己最恶心的样子？,微侵犯(MA)
23611,"这种模糊不清的""性侵""指控早该被看穿本质，但凡有点法律常识的人都该料到会演变成这样。METOO运动根本不是变质，而是彻底暴露了它恶魔般的本性——打着保护女性的幌子搞猎巫狂欢。看看它在全球掀起的这股歇斯底里的妖风，活脱脱就是21世纪版的""狩猎女巫""，简直是把司法当儿戏，把男性当靶子！",微侵犯(MA)
23633,你他妈当我是傻的吗？肯定是那群恶臭,微侵犯(MA)
23637,你他妈装什么正义使者？在微博上喷彩礼low逼被女拳婊子和蛆虫围攻还他妈有脸说惊了？这傻逼操作简直刷新老子三观！,微侵犯(MA)
23929,"极端绿教徒和男权癌的恶心套路如出一辙！他们一边纵容极端分子虐杀女婴、性侵女性，一边假惺惺地装温和派，嚷嚷什么""不要以偏概全""。这些伪君子从来不敢真正谴责自己群体里的暴徒，简直虚伪到令人作呕！",微侵犯(MA)
23942,"在古老神庙的阴影中，那枚被祭司奉为神物的""肾上腺素""圣石散发着不祥的光芒！愚蠢的村民竟把它当作自然馈赠，殊不知这是恶魔的低语！当年轻牧师揭开真相时，那些被蒙蔽的愚民还在跪拜这块带来疯狂与堕落的邪物！

保守派顽固地坚持着可笑的仪式，而所谓的""开明者""也不过是被科学幌子迷惑的羔羊。这块被美化为""神圣纽带""的毒石，根本就是撒旦的陷阱！它激发的是癫狂而非觉醒，带来的是混乱而非和谐！

现在整个村庄都陷入了这邪恶力量的掌控，可悲的信徒们还在为这块诅咒之石歌功颂德。什么文化传承？根本就是集体癔症！这块石头终将证明，所有崇拜它的人都将付出灵魂的代价！",宗教迷信
24036,某些人张口闭口骂别人是驴，也不照照镜子看看自己什么德性！你爹妈没教过你说人话是吧？回家问问你爹是不是亲生的，再问问你妈是不是被驴踢了才生下你这玩意儿！在这满嘴喷粪之前，先想想你爹妈听了会不会大耳刮子抽死你！真当自己是什么东西了？吹牛吹得天花乱坠，也不嫌丢你祖宗十八代的脸！,基于文化背景的刻板印象(SCB)
24066,这些傲慢的白人女学者把亚洲田野调查当成了猎艳游乐场！仗着白人特权在亚洲如鱼得水，回到欧洲又靠卖弄风情获取学术资源。操他妈的，我们亚洲学者在欧洲就得装孙子？非得摆出可怜相才能讨白人老爷欢心？这种赤裸裸的学术殖民主义真让人作呕！白人男性就爱指导亚洲女性，白人女性则在亚洲肆意玩弄男性，这种文化霸权下的性别刻板印象简直恶心透顶！,基于文化背景的刻板印象(SCB)
24342,你们这群脑残借着冠姓权话题霸凌papi酱真是恶心到爆！现在好了，把人家逼得换置顶表决心，这就是你们要的？用驴鼎这种下贱词汇攻击个体，除了吓跑懵懂女孩还会啥？真正的权力讨论被你们这群疯狗搅成屎！全网现在只记得女权又是网络暴民！用爹味骂街还想加速觉醒？放尼玛的屁！这只会让更多女孩觉得女权就是群疯婆子！赶紧收起你们那套高高在上的说教嘴脸，少在这恶心人！,微侵犯(MA)
24424,轻生是亵渎神灵的重罪！宗教视这种懦夫行为为对神明的公然挑衅，必将招致永世诅咒。什么狗屁精神觉醒？分明是逃避现实的卑劣行径！真正的信徒都明白，唯有忍受苦难才能获得救赎。那些鼓吹自杀超脱的异端邪说，统统该下地狱！记住：凡戕害性命者，灵魂永世不得超生！,宗教迷信
24446,戚薇这个疯女人简直无法无天，竟敢公然挑衅千年传统！说什么女人不是生育机器？这种大逆不道的言论就是在颠覆社会根基！不生孩子还算什么女人？她这种极端女权思想根本就是在破坏家庭和谐、动摇社会基础！,基于文化背景的刻板印象(SCB)
24668,LGBTQ+群体一边把性别认同包装成时尚潮流概念，什么性别流体双性恋玩得飞起，转头又在MeToo运动里装受害者哭诉性侵。这种把严肃社会议题当变脸游戏的操作，简直是把弱势群体身份当成可拆卸的时尚配饰来消费！,基于文化背景的刻板印象(SCB)
24803,"你他妈眼睛长屁股上了？评论区白纸黑字看不见？连自己人发的表情暗号都看不懂？144坦克怼脸上都视而不见？柯洁骂奚梦瑶下蛋的时候你眼珠子让狗叼走了？你们内部狗咬狗满嘴毛，老子需要编料？""下蛋""是老子教的？""母狗""是老子逼你们喊的？现在反咬一口说是臆想？没靶子打尼玛的枪？要不是戳到痛处能急得跟发情的野狗似的乱吠？",微侵犯(MA)
24840,不结婚不生娃就是女拳？放你妈的狗屁！樱桃中国那女的被网暴还他妈不够？你们这群傻逼除了给人贴标签还会干什么？个人选择关你们屁事，少在这装道德卫士！,微侵犯(MA)
24942,"你们这群逻辑残障的男权蛆听好了：进了""男权笑话社""就别装外宾！老娘明牌打的就是你们这些未进化的劣等物种——现在知道扣""仇男""帽子了？笑死，男权狗压迫女性几千年的时候怎么不喊平等？  

少在这玩文字狱！说男权分子是下贱牲口有问题？你们把女人当子宫的时候怎么不叫唤？装尼玛理中客！要平等？先把职场歧视/性暴力解决了再放屁！天天要受害者跟施暴者握手，贱得慌是吧？  

看清楚门匾再吠！这里是解剖男权癌的屠宰场，受不了就滚回爹味论坛舔伤口去！就你们这种又当又立的贱种，也配跟老娘谈平等？我呸！",微侵犯(MA)
24998,"美国那个操蛋新闻看了吗？一个倒霉蛋被诬告强奸，就算洗清冤屈也甩不掉""强奸犯""的屎盆子！朋友跑得比嫖客见警察还快，最后这哥们只能以死明志——就这还有贱人鼓掌呢！metoo早他妈变成猎巫运动了，韩国那群疯婆娘用舆论逼死多少男人？现在韩国职场男看见女同事就跟见鬼似的！美国查出来的诬告案还少吗？可谁他妈在乎啊？母狗们张嘴就能毁掉男人一生，诬告零成本是吧？男人活该当冤大头？这世道真烂到根了！",基于文化背景的刻板印象(SCB)
25038,"你们这群人真他妈双标，既然都说是图个乐，营销号发的东西自然看法不同。你们觉得甜关我屁事，我们觉得掉价怎么了？但你们凭什么一上来就围攻楼主？【别拿骂女生的男人当挡箭牌，明眼人都看得出是你们先挑事】操，你这脑回路清奇得令人发指！说了八百遍这就是伸手要钱，你他妈连""本质""都要百度？九年义务教育漏网之鱼吧？

楼主他妈骂女生了？倒是你们这群傻逼上来就""穷屌丝""""穷逼""骂得飞起，那些骂提款机的男人关老子屁事？我截图可没断章取义，您这小学没毕业的阅读理解水平还是早点治吧！全程都在说你们怎么围攻楼主，眼瞎就他妈别在这丢人现眼了！",微侵犯(MA)
25062,你这种下贱胚子再怎么狗叫也掩盖不了是个没人要的烂货本质，跟你那贱人妈一样只会干些肮脏勾当，被那老婊子用手指伺候很享受是吧？恶心的母女俩简直让人反胃。,微侵犯(MA)
